"","2000","2001","2002","2003","2004","2005","2006","2007","2008","2009","2010","2011","2012","2013","2014","2015","2016","2017","2018","2019","2020","2021","2022","2023","2024","2025","2026","2027","2028","2029","2030","2031","2032","2033","2034","2035","2036","2037","2038","2039","2040","2041","2042","2043","2044","2045","2046","2047","2048","2049"
"1976",6.1214027132048e-05,1.60182351213812e-05,3.15604221992132e-06,4.47177471908271e-07,4.32811531768531e-08,2.70235791008509e-09,1.02153447808929e-10,2.17962821722286e-12,2.42997720553098e-14,1.30047097531451e-16,3.04492071019943e-19,2.81852978978178e-22,9.23658480992903e-26,9.5052460438473e-30,2.69722442498354e-34,1.83353843526003e-39,2.56527105840132e-45,6.27162560887077e-52,2.2469240220894e-59,9.76508989461515e-68,4.20389599612276e-77,1.44323555929657e-87,3.13389304240105e-99,3.36113681616949e-112,1.36798820326605e-126,1.5960834069856e-142,3.96209191162657e-160,1.52485738590174e-179,6.5044447762776e-201,2.15517124439225e-224,3.80801333735669e-250,2.4111021824408e-278,3.59536953059616e-309,0,0,0,0,0,0,0,0,0,0,0,0,0,0,0,0,0
"1977",0.000599252118200406,0.000199927871709469,5.23163040629782e-05,1.03077812981161e-05,1.46050250937069e-06,1.41358267789075e-07,8.82602715216076e-09,3.33637931779381e-10,7.11876756037065e-12,7.93641904912324e-14,4.24739894589367e-16,9.94485325726176e-19,9.2054499372382e-22,3.01671173982659e-25,3.10445775364831e-29,8.80926095005172e-34,5.98842216781929e-39,8.37829509170727e-45,2.04834221645856e-51,7.33855880221983e-59,3.18932396895015e-67,1.37301206728279e-76,4.7136747452207e-87,1.02354410498232e-98,1.09776298287243e-111,4.46791336588041e-126,5.21288295476915e-142,1.29403772390281e-159,4.98025544318733e-179,2.12438204395171e-200,7.03888994480496e-224,1.24371494189836e-249,7.87477234212344e-278,1.17426448142445e-308,0,0,0,0,0,0,0,0,0,0,0,0,0,0,0,0
"1978",0.00291886489975505,0.00119754929982905,0.000399537148906528,0.000104549239622898,2.05991366595751e-05,2.91867763896752e-06,2.8249127449766e-07,1.76379896129255e-08,6.66744195746326e-10,1.4226191028192e-11,1.58601910394066e-13,8.48802946082966e-16,1.98738589208519e-18,1.83962305549403e-21,6.02861620692219e-25,6.20396840714562e-29,1.76044839264428e-33,1.19673015018938e-38,1.67432389742172e-44,4.09342030278798e-51,1.46654232641588e-58,6.37356559942433e-67,2.7438361749461e-76,9.41983802696073e-87,2.04545714405938e-98,2.19377662855e-111,8.9287069006531e-126,1.04174589341825e-141,2.58601333753474e-159,9.95257461395284e-179,4.24537878471543e-200,1.40665630858161e-223,2.48544796525728e-249,1.57369958623481e-277,2.34665771690054e-308,0,0,0,0,0,0,0,0,0,0,0,0,0,0,0
"1979",0.0097609526719424,0.00477037545573032,0.00195718540704333,0.000652973766944857,0.000170867492583914,3.36656951605805e-05,4.77006941064249e-06,4.61682704956542e-07,2.88262169122617e-08,1.08967706826919e-09,2.32502273452647e-11,2.59207152972132e-13,1.38722033386526e-15,3.24803552280323e-18,3.0065429449855e-21,9.8527214424803e-25,1.01393040219359e-28,2.87714577130821e-33,1.9558466498655e-38,2.73639030907994e-44,6.68998134995789e-51,2.39680758068354e-58,1.04164810449201e-66,4.48432154040645e-76,1.539508187739e-86,3.34294285308921e-98,3.58534517478626e-111,1.45924137337977e-125,1.70255192060699e-141,4.22638764630807e-159,1.62657468880145e-178,6.93833097810874e-200,2.2989343322019e-223,4.06203108987785e-249,2.57193742728466e-277,3.83520264217845e-308,0,0,0,0,0,0,0,0,0,0,0,0,0,0
"1980",0.0252423898302265,0.0142879675800801,0.00698281941804779,0.00286490495179055,0.000955815310893659,0.000250113823576477,4.92794481421776e-05,6.98237143285208e-06,6.75805706922878e-07,4.21954768700659e-08,1.59505646092727e-09,3.40334090025383e-11,3.7942437819993e-13,2.03059678935524e-15,4.75443615070067e-18,4.40094215901194e-21,1.44222976257609e-24,1.48417938308851e-28,4.21153209991294e-33,2.86294529479832e-38,4.00549591178372e-44,9.79271592150009e-51,3.50841871274865e-58,1.52475222932026e-66,6.56409706525421e-76,2.25351395657423e-86,4.89336038318219e-98,5.24818604724868e-111,2.13602033890538e-125,2.49217545280803e-141,6.18653646840029e-159,2.38096087556884e-178,1.01562471827205e-199,3.36515300413781e-223,5.94595327649539e-249,3.76477171994374e-277,5.61392446579488e-308,0,0,0,0,0,0,0,0,0,0,0,0,0
"1981",0.053885614529969,0.0344616481254122,0.0195063508044872,0.00953314909271802,0.0039112519466415,0.00130490698933173,0.000341462699742983,6.72777424448398e-05,9.53253749023967e-06,9.22629696703034e-07,5.76064978855107e-08,2.1776176846306e-09,4.64634043544198e-11,5.18001247095548e-13,2.77223006656673e-15,6.49089514749466e-18,6.0082948216952e-21,1.96897421076901e-24,2.02624505837166e-28,5.74970667485233e-33,3.90857656565868e-38,5.46842005087714e-44,1.33693018984577e-50,4.78979573521113e-58,2.08163629349991e-66,8.96149710250361e-76,3.07656309642175e-86,6.68055856875036e-98,7.1649769325886e-111,2.91615737666548e-125,3.40239074426376e-141,8.44604034415738e-159,3.25055735396233e-178,1.38656053978897e-199,4.59420520389493e-223,8.11758914123732e-249,5.13977635072597e-277,7.66429370769011e-308,0,0,0,0,0,0,0,0,0,0,0,0
"1982",0.0991615644872367,0.0701112199913743,0.0448384641070084,0.0253799472161854,0.0124036947352321,0.00508897686450548,0.00169783014994543,0.00044428121808306,8.75358784012719e-05,1.24028989719049e-05,1.20044457505714e-06,7.49525059965202e-08,2.83332451297054e-09,6.04540932242529e-11,6.73977641485814e-13,3.60698182175624e-15,8.44538160317058e-18,7.81746452539063e-21,2.5618559842496e-24,2.63637177163343e-28,7.48101238304049e-33,5.08549589418932e-38,7.11502697958578e-44,1.73949592059038e-50,6.23206073521468e-58,2.70844197266103e-66,1.16599114677677e-75,4.00295318058597e-86,8.69215495758004e-98,9.32243750647878e-111,3.79424737285222e-125,4.42689144493327e-141,1.09892444911416e-158,4.22933919796875e-178,1.80407056474111e-199,5.9775755467473e-223,1.0561892687785e-248,6.68742471577077e-277,9.9721045571358e-308,0,0,0,0,0,0,0,0,0,0,0
"1983",0.162386804891015,0.124556745931982,0.0880666361064816,0.056321551708432,0.0318797273270169,0.0155802690462091,0.00639225895278738,0.00213264282099573,0.000558061211410654,0.00010995373280303,1.55792694886579e-05,1.50787727799578e-06,9.41477708086739e-08,3.55893620002689e-09,7.59363284476094e-11,8.46582668279603e-13,4.53072640268392e-15,1.06082357220185e-17,9.81950968357997e-21,3.21794484177966e-24,3.3115440507583e-28,9.39689247065397e-33,6.38788650931586e-38,8.937178556814e-44,2.18497915549307e-50,7.82808550513265e-58,3.40207136106326e-66,1.4646003598169e-75,5.02810564627628e-86,1.09182074955268e-97,1.17099047999662e-110,4.76595048159282e-125,5.56061409303388e-141,1.38035794528406e-158,5.31246890532238e-178,2.26609130400265e-199,7.50842690426957e-223,1.32667832630113e-248,8.40006776384339e-277,1.25259509584502e-307,0,0,0,0,0,0,0,0,0,0
"1984",0.242518369207643,0.198561933126675,0.152304420749095,0.107685359786483,0.0688683799858359,0.038981617317073,0.0190511066618082,0.00781627112845536,0.00260773454770442,0.000682381262535971,0.000134448274627463,1.9049884431469e-05,1.84378913937974e-06,1.15121197094086e-07,4.3517652325638e-09,9.28527670780822e-11,1.03517703472246e-12,5.54004245350332e-15,1.2971446746804e-17,1.20070151416325e-20,3.93481076807697e-24,4.04926119947993e-28,1.149025092038e-32,7.81092462983575e-38,1.09281259159588e-43,2.67172991824903e-50,9.57195870454645e-58,4.1599554011854e-66,1.79087136358428e-75,6.14822354414713e-86,1.33504713516899e-97,1.43185361358093e-110,5.82766771873e-125,6.79935961807528e-141,1.68786215238559e-158,6.49593479115572e-178,2.77091152982719e-199,9.18108932466957e-223,1.62222425205306e-248,1.02713622249248e-276,1.53163740011329e-307,0,0,0,0,0,0,0,0,0
"1985",0.336768870299004,0.290320452939699,0.237699892796829,0.182324697964373,0.128910904894873,0.0824428241705374,0.0466651694582563,0.0228062143627691,0.00935691338238282,0.00312173744821714,0.000816883429755322,0.000160948979305507,2.28047512221961e-05,2.20721300336516e-06,1.37812398262911e-07,5.20952890097753e-09,1.1115470338551e-10,1.23921774080579e-12,6.63202395621072e-15,1.55282105315123e-17,1.43736826441711e-20,4.71038976615429e-24,4.84739918607004e-28,1.37550605444628e-32,9.35051305111737e-38,1.30821367307926e-43,3.19834675836242e-50,1.14586593819815e-57,4.97991199688073e-66,2.14386476014675e-75,7.36008183604041e-86,1.5981943563469e-97,1.71408207549938e-110,6.97634219301206e-125,8.13956142979583e-141,2.02055170575886e-158,7.77632942608309e-178,3.31707776620622e-199,1.09907468862111e-222,1.94197611160156e-248,1.2295920276846e-276,1.83353395123465e-307,0,0,0,0,0,0,0,0
"1986",0.441581869997798,0.396288828971664,0.341631197146717,0.279710568496164,0.214548455695334,0.151694399476738,0.0970136290169919,0.0549126923220592,0.0268369459893195,0.0110106383758141,0.0036734680275305,0.000961258020958626,0.000189394828793214,2.68352242557644e-05,2.59731208415434e-06,1.62169127677675e-07,6.13025219887294e-09,1.30799997043155e-10,1.45823498148395e-12,7.80415661633242e-15,1.82726401109903e-17,1.69140629239618e-20,5.54289606035156e-24,5.70412029265157e-28,1.61861066040925e-32,1.10031068608615e-37,1.53942513774805e-43,3.76361713715232e-50,1.34838433969236e-57,5.8600531927836e-66,2.52276777992531e-75,8.66089021039987e-86,1.88065651490742e-97,2.01702603289273e-110,8.2093290740315e-125,9.57813370485464e-141,2.37766058555515e-158,9.15070469317506e-178,3.90333246184748e-199,1.29332328406526e-222,2.28519767422162e-248,1.44690803615961e-276,2.15758963044725e-307,0,0,0,0,0,0,0
"1987",0.553518559960162,0.512314819209576,0.459766701405575,0.396353964902238,0.324514838733833,0.248915004802613,0.175992933866188,0.11255335236239,0.0637086528018624,0.0311357101973501,0.0127743315388273,0.00426188717486484,0.00111523312590626,0.000219732249136288,3.113371267509e-05,3.01335168228491e-06,1.88145512695023e-07,7.11220106701926e-09,1.51751648766992e-10,1.69181626706675e-12,9.05423287871737e-15,2.11995667190556e-17,1.96233715143968e-20,6.43076173636984e-24,6.61781099956399e-28,1.87788105490471e-32,1.27655936195796e-37,1.78601152972155e-43,4.36647644343702e-50,1.56436965860478e-57,6.79872136062652e-66,2.92686680974159e-75,1.00481987685707e-85,2.18190163114013e-97,2.3401149313209e-110,9.52430619584844e-125,1.11123670847089e-140,2.75851622494487e-158,1.06164721403702e-177,4.52857148441406e-199,1.50048887754095e-222,2.65124252798883e-248,1.67867496227074e-276,2.50319412220559e-307,0,0,0,0,0,0
"1988",0.669823956547584,0.634585381222696,0.587347052784542,0.527102880716333,0.454402887474479,0.372042398479199,0.285370418701198,0.201768379795636,0.129037609907643,0.073039248635789,0.0356957615416669,0.0146452253561566,0.00488607156693061,0.00127856713315329,0.000251913636093986,3.5693471467735e-05,3.45467896541436e-06,2.157007922327e-07,8.15383467136442e-09,1.73976782080993e-10,1.93959507134246e-12,1.03802911747593e-14,2.43043975420374e-17,2.24973570791092e-20,7.37259359165895e-24,7.58703758067357e-28,2.15291040142059e-32,1.4635207705046e-37,2.04758591570633e-43,5.00597869501942e-50,1.7934829795958e-57,7.79444358066435e-66,3.35552775390512e-75,1.15198306026337e-85,2.50145700351427e-97,2.68284179288238e-110,1.09192101500791e-124,1.27398541130113e-140,3.16252100081634e-158,1.21713317452658e-177,5.19181373437226e-199,1.72024639326145e-222,3.03953629027128e-248,1.92452912682502e-276,2.86980511805887e-307,0,0,0,0,0
"1989",0.788649968673783,0.760181830301043,0.720189643658833,0.666578961894681,0.598207974950848,0.515700902181586,0.422230152655665,0.323866301110179,0.228986519145239,0.146444518023588,0.0828920930179104,0.0405110463390932,0.0166208361280424,0.00554519256951559,0.00145104320910352,0.000285896267357695,4.05084473388992e-05,3.92070805076474e-06,2.44798385357826e-07,9.25377019418323e-09,1.97445892072717e-10,2.20124245626508e-12,1.17805710995434e-14,2.75830107706183e-17,2.55322042667467e-20,8.36714130002142e-24,8.61051334199258e-28,2.44333358553114e-32,1.66094671164057e-37,2.32380104337116e-43,5.68127492250653e-50,2.0354201439286e-57,8.84589798469939e-66,3.80818154480018e-75,1.30738320519385e-85,2.83889840720523e-97,3.04475163150809e-110,1.23921891359513e-124,1.44584342239918e-140,3.58913857777983e-158,1.38132193584212e-177,5.89217872636185e-199,1.95230409276256e-222,3.4495634827906e-248,2.1841441468264e-276,3.25693592462352e-307,0,0,0,0
"1990",0.909024651070833,0.887253773995757,0.855226303998742,0.810233950054554,0.749920399542762,0.673001083487069,0.580178266516731,0.475020999580491,0.364358852905646,0.257616384170306,0.164754271804408,0.0932559757635266,0.0455760859451009,0.0186989160810714,0.00623850026027332,0.0016324651171584,0.00032164147880584,4.55731619955385e-05,4.41090870849382e-06,2.75405185956003e-07,1.04107561714425e-08,2.22132276497865e-10,2.47646072957463e-12,1.32534794688095e-14,3.103167612566e-17,2.87244601457304e-20,9.4132733035973e-24,9.68707381244293e-28,2.74882017498665e-32,1.86861256177708e-37,2.61434264584265e-43,6.39159680000751e-50,2.28990588486873e-57,9.95188826863756e-66,4.28431317047648e-75,1.47084350338284e-85,3.19384191445429e-97,3.42543268020179e-110,1.39415672550289e-124,1.62661520837674e-140,4.03788356688079e-158,1.55402669037067e-177,6.62886961222275e-199,2.19639794978226e-222,3.88085759248906e-248,2.45722464236103e-276,3.6641460794629e-307,0,0,0
"1991",1.03068143496412,1.0149297416628,0.990622468345679,0.954863667072367,0.904629519833804,0.837289193949804,0.75140846290327,0.64777140802567,0.53036288930196,0.406808149830104,0.287629746812773,0.183948818465277,0.10412067844221,0.0508858864055805,0.020877416300185,0.00696531106176694,0.00182265398158273,0.000359114026894542,5.08826218039324e-05,4.92479761768417e-06,3.07491016778973e-07,1.162365185493e-08,2.48011595434039e-10,2.76497853555942e-12,1.47975640457784e-14,3.46469933422362e-17,3.20709772620213e-20,1.05099581523636e-23,1.08156575405842e-27,3.06906897056118e-32,2.08631356955852e-37,2.91892425913582e-43,7.13624397468504e-50,2.55668928826535e-57,1.11113239642588e-65,4.78345318159628e-75,1.6422027886221e-85,3.56593756322272e-97,3.82450960059785e-110,1.55658168740008e-124,1.81612253449653e-140,4.50831352105923e-158,1.73507715718932e-177,7.40116004018617e-199,2.45228729620833e-222,4.33299337827102e-248,2.74350136549225e-276,4.09103408742901e-307,0,0
"1992",1.15384034245018,1.1430949660927,1.12562527981587,1.09866688042527,1.05900796706718,1.00329492238975,0.928609976176737,0.833362474850518,0.718422017292571,0.588208080981449,0.451177572876788,0.319000715959966,0.204011599775908,0.115476828587284,0.0564358672060577,0.023154457495971,0.0077249979885907,0.00202144573541151,0.000398281585823577,5.64322465434712e-05,5.46193147060622e-06,3.41028198893489e-07,1.28914109367334e-08,2.75061524013129e-10,3.06654698351326e-12,1.64114928214968e-14,3.84258436566642e-17,3.55688687331079e-20,1.16562497880152e-23,1.19952909504524e-27,3.40380370872007e-32,2.31386193459113e-37,3.23728313505538e-43,7.91457407453528e-50,2.83554021265649e-57,1.23232048810617e-65,5.30517099360888e-75,1.82131323733669e-85,3.95486436414048e-97,4.24163812785548e-110,1.72635368293119e-124,2.01420192172451e-140,5.00002262257675e-158,1.92431715259778e-177,8.20838379171716e-199,2.71975138836804e-222,4.80558080391448e-248,3.04272735879036e-276,4.53723169236725e-307,0
"1993",1.27899894387934,1.27213475019494,1.26028773274776,1.24102701341759,1.21130477593577,1.16757993812098,1.10615506193505,1.0238132405421,0.91880074284331,0.792076321029219,0.648512547735167,0.497433351781039,0.351705414674614,0.224927345638378,0.127315782854534,0.0622218041689881,0.0255283065766167,0.00851698283109442,0.00222868907511907,0.000439114344548756,6.22178123076139e-05,6.02190144624933e-06,3.75991206623574e-07,1.42130685055067e-08,3.032614741097e-10,3.38093654495457e-12,1.80940374094281e-14,4.23653509266263e-17,3.92154722588604e-20,1.28512757499869e-23,1.32250762045342e-27,3.75276961759741e-32,2.55108446624085e-37,3.56917696566135e-43,8.72599470029629e-50,3.1262464202245e-57,1.35866086374488e-65,5.84906951889447e-75,2.00803852575131e-85,4.36032629891164e-97,4.67650077890197e-110,1.90334349596432e-124,2.2207026087284e-140,5.51263662391436e-158,2.1216026430637e-177,9.04992647614175e-199,2.99858665514057e-222,5.29826017570826e-248,3.35467487665282e-276,5.00239928627336e-307
"1994",1.40676148708269,1.40270137787464,1.3951732919562,1.38218045269204,1.3610568718849,1.32845995406195,1.28050613006259,1.21314035241742,1.12283458095661,1.00766546692327,0.868684491262859,0.711235492906652,0.545544193983234,0.385721717856706,0.246681906313131,0.139629532056979,0.0682397830423222,0.0279973576062659,0.00934072980253986,0.00244424379823302,0.000481584679245181,6.82354050954313e-05,6.604328718567e-06,4.12356387097524e-07,1.55877304448984e-08,3.32592368137327e-10,3.70793453177541e-12,1.9844059549055e-14,4.64628500307248e-17,4.30083208705897e-20,1.4094227589647e-23,1.4504181339142e-27,4.11573061779367e-32,2.79782068077158e-37,3.91438122100896e-43,9.56995691670179e-50,3.42861124491925e-57,1.49006805264342e-65,6.4147808039252e-75,2.20225233208828e-85,4.78204906793369e-97,5.12880336421642e-110,2.08743139088139e-124,2.43548489544882e-140,6.04580873587988e-158,2.32680016271278e-177,9.92521878027896e-199,3.28860446130202e-222,5.81069819046341e-248,3.67913288304189e-276
"1995",1.5377152843394,1.53553042488994,1.53109867062699,1.5228814958784,1.50869934760449,1.48564220443572,1.45006150398693,1.39771819176452,1.32418603857412,1.2256140625181,1.09990285970963,0.94820015916867,0.776338952017076,0.595480979309804,0.421029036370663,0.269262114361109,0.152410623019874,0.074486161308463,0.0305601161360328,0.0101957403114726,0.00266797943539006,0.000525666883783812,7.44813826230133e-05,7.20886076030168e-06,4.50101729468745e-07,1.70145647097302e-08,3.63036452910117e-10,4.04734302106076e-12,2.16604999999624e-14,5.07158608651068e-17,4.69451188610324e-20,1.5384352982329e-23,1.58318321470116e-27,4.49246701896792e-32,3.05392123551824e-37,4.27268695842808e-43,1.04459498965639e-49,3.74245167360331e-57,1.62646251763359e-65,7.00196243917227e-75,2.40383710405601e-85,5.21977741397832e-97,5.59827211744622e-110,2.27850594432735e-124,2.65841878005702e-140,6.5992162440137e-158,2.53978551111296e-177,1.08337309136979e-198,3.58962926702672e-222,6.34258468350082e-248
"1996",1.67235297904965,1.67131234762513,1.66893766707607,1.664120880967,1.6551897961558,1.63977549952532,1.61471514636931,1.5760431863499,1.51915227492836,1.43923163108343,1.33209569871023,1.19546267722155,1.03058001060288,0.843787461607948,0.647216505963213,0.45760813745003,0.292655669786554,0.165652093568013,0.0809575364112423,0.0332151861681932,0.0110815486125989,0.00289977411227521,0.00057133694550154,8.09523425524839e-05,7.83516826795302e-06,4.89206672919107e-07,1.84927940682173e-08,3.94577144784877e-10,4.39897712864263e-12,2.35423693022751e-14,5.5122066709966e-17,5.10237217593105e-20,1.67209491649397e-23,1.72073054240311e-27,4.88277360351873e-32,3.31924662619771e-37,4.64389899995397e-43,1.13534964649199e-49,4.06759674966134e-57,1.7677699612892e-65,7.61029457232929e-75,2.61268303346166e-85,5.67327289562869e-97,6.0846513073926e-110,2.4764630732844e-124,2.8893828249724e-140,7.17255769360879e-158,2.76044266989648e-177,1.17749679874515e-198,3.90149709668497e-222
"1997",1.81103469390965,1.81061514020356,1.80948847434042,1.80691746653935,1.80170245154822,1.79203298727831,1.7753443101842,1.7482120866575,1.70634291358838,1.64474853318529,1.55822043201692,1.44222701217981,1.29429782470664,1.11578344629678,0.913547781024954,0.70072527711977,0.495440993813529,0.316851043541698,0.179347417906418,0.0876507190623567,0.0359612592043734,0.0119977181529436,0.00313951359349954,0.000618572356818239,8.76450958001496e-05,8.48294257834252e-06,5.29651945356237e-07,2.0021690004468e-08,4.27198899559935e-10,4.76266355865597e-12,2.5488740014196e-14,5.96792960545274e-17,5.5242119507235e-20,1.81033574226766e-23,1.86299232955966e-27,5.28645801662115e-32,3.59366609247672e-37,5.02783440112686e-43,1.22921493555226e-49,4.40388623181982e-57,1.91392074305161e-65,8.239477399023e-75,2.82868719474933e-85,6.14231201667075e-97,6.58770123176091e-110,2.68120521852501e-124,3.12826320416645e-140,7.7655505247532e-158,2.98866289257832e-177,1.27484661315983e-198
"1998",1.95398242974339,1.95384991144127,1.95339727241992,1.95218175953973,1.94940800629176,1.94378174379505,1.93334976147523,1.91534504275169,1.88607321669937,1.84090230950011,1.77445069755664,1.68109913263436,1.55595866247183,1.39636402255906,1.2037722938528,0.985588656614675,0.755983320059705,0.534510655782741,0.341837395741745,0.193490460327514,0.094562710617124,0.0387971049632951,0.0129438384750214,0.00338709047223465,0.000667351955571997,9.45566439137072e-05,9.15189347901186e-06,5.7141942670073e-07,2.16005675505221e-08,4.60887102207348e-10,5.1382393742087e-12,2.74987401328995e-14,6.43855071927371e-17,5.95984222003117e-20,1.9530958416223e-23,2.00990484078905e-27,5.70333940169595e-32,3.87705669038136e-37,5.42432115321653e-43,1.32614880380138e-49,4.75116945742392e-57,2.06484938521203e-65,8.88922903605437e-75,3.05175281486451e-85,6.62668464065082e-97,7.10719651675529e-110,2.89264065254419e-124,3.37495289570115e-140,8.37792906790042e-158,3.22434393312804e-177
"1999",2.10129846851658,2.10127023656583,2.10112772926392,2.10064097109814,2.09933383496507,2.0963510010077,2.09030064060144,2.07908231354622,2.05972043035033,2.02824214481541,1.97966633296999,1.9082057137632,1.80781746977383,1.67324412799771,1.5016195209084,1.29451056169816,1.0598806202742,0.812968031647191,0.574801142030258,0.367604505794679,0.208075435662449,0.101690683746243,0.0417215634508027,0.0139195225711676,0.00364240347790489,0.000717655788615048,0.000101684159745244,9.84174733761247e-06,6.14492032090298e-07,2.32287808712807e-08,4.95627972669416e-10,5.52555094714608e-12,2.95715474738985e-14,6.92387750631213e-17,6.40908479060611e-20,2.10031681896976e-23,2.1614079819716e-27,6.13324723466973e-32,4.16930249984216e-37,5.83319707451269e-43,1.42611160073286e-49,5.10930437131752e-57,2.22049415086455e-65,9.5592837044757e-75,3.28178864948798e-85,7.12619263640778e-97,7.64292466439604e-110,3.11068288831528e-124,3.62935099190212e-140,9.00944283145412e-158
"2000",2.2529988703946,2.25299599061242,2.25296572053285,2.25281292530426,2.25229102695791,2.25088952569043,2.24769135415634,2.24120420445281,2.22917600081802,2.20841633917803,2.17466556451935,2.12258295418664,2.04596343012958,1.93832793017495,1.79403943236866,1.61002485402291,1.38796422736192,1.13639581610286,0.871658045365744,0.616297345568352,0.394142712277876,0.223096875249415,0.109031965803821,0.0447335381361121,0.0149244046069376,0.0039053568804558,0.000769464994437911,0.000109024970820332,1.05522454922431e-05,6.58853611376816e-07,2.49057194653341e-08,5.31408484796479e-10,5.92445305432181e-12,3.17063848344838e-14,7.42372799244711e-17,6.871771218167e-20,2.25194347354913e-23,2.31744494674164e-27,6.57602032085457e-32,4.4702939427858e-37,6.25430885627922e-43,1.52906584512254e-49,5.47815669019323e-57,2.38079668073422e-65,1.02493901661265e-74,3.5187084462844e-85,7.6406487125519e-97,8.19468480248464e-110,3.33525017052365e-124,3.89136210576179e-140
"2001",2.40905204960672,2.40905200039512,2.4090489211459,2.40901655442051,2.40885317588716,2.40829512844568,2.40679655271342,2.40337686101581,2.39644038129738,2.38357904860507,2.36138147671166,2.32529296718119,2.26960287418712,2.18767632725251,2.07258549436905,1.91830290735055,1.72154262757816,1.48410105408418,1.21510785025106,0.932033116146688,0.658984952318066,0.421442860860323,0.238549597456022,0.116584024421061,0.0478319900412013,0.0159581379491558,0.00417585997434216,0.000822761701500546,0.000116576544932638,1.12831428571894e-05,7.04488862072477e-07,2.66308048741872e-08,5.68216296132309e-10,6.33480809480442e-12,3.39025158043833e-14,7.93792975469253e-17,7.34774189943708e-20,2.40792350187912e-23,2.47796191028525e-27,7.03150592606335e-32,4.77992719247842e-37,6.68751123637691e-43,1.63497602299425e-49,5.85759917876767e-57,2.54570167860417e-65,1.09593103693889e-74,3.762430479978e-85,8.16987540791165e-97,8.76228660184615e-110,3.56626503488255e-124
"2002",0,2.56941090812165,2.56941085563427,2.56940757141444,2.56937305019382,2.56919879634745,2.56860360240649,2.5670052737885,2.56335794987465,2.55595974249453,2.54224229354276,2.51856713743061,2.48007639163682,2.4206792804633,2.33329928242927,2.21054741350063,2.0459949862987,1.83613733327923,1.58289043100636,1.295991660076,0.994074020006692,0.702850370148906,0.449496258921133,0.254428681991987,0.124344454952353,0.0510159325902038,0.0170203934475242,0.00445382662886629,0.00087752893963638,0.000124336477590824,1.20342067079415e-05,7.51383253489577e-07,2.84034878146225e-08,6.0603968672789e-10,6.75648540773746e-12,3.61592411150975e-14,8.46631906643114e-17,7.8368452809304e-20,2.56820723846989e-23,2.64290776251027e-27,7.4995590194486e-32,5.09810365881731e-37,7.13266627914414e-43,1.74380841156362e-49,6.24751101902805e-57,2.71515663719137e-65,1.16888182690762e-74,4.01287714720943e-85,8.71370421179149e-97,9.34554933279549e-110
"2003",0,0,2.73402821511419,2.73402815926404,2.73402466463044,2.73398793170038,2.73380251373899,2.73316918684569,2.73146845633007,2.72758745525756,2.71971525869508,2.70511895868134,2.67992698000513,2.63897020478151,2.57576763281011,2.48278936323613,2.35217301376549,2.17707802315362,1.95377518642194,1.68430323313656,1.37902339948839,1.05776246610439,0.747880666699335,0.478294635783677,0.270729447400428,0.13231096947481,0.0542844270961494,0.0181108579288684,0.0047391748941586,0.000933750562419387,0.000132302481018786,1.28052156165559e-05,7.99522960267413e-07,3.02232456659101e-08,6.44867505526511e-10,7.18936067460912e-12,3.84758954409767e-14,9.00874014841929e-17,8.33893716564458e-20,2.73274742861983e-23,2.81223387423453e-27,7.98004161003422e-32,5.42472953731365e-37,7.58964274438674e-43,1.85553092496744e-49,6.64777725752956e-57,2.8891115979431e-65,1.24376987923504e-74,4.26997461152604e-85,9.27197479309112e-97
"2004",0,0,0,2.90285890545125,2.90285884615227,2.90285513571936,2.90281613447111,2.90261926664894,2.9019468307896,2.90014107739768,2.89602041819486,2.88766210068718,2.87216445540054,2.84541683105565,2.80193090832846,2.73482547471209,2.63610564572342,2.49742352417021,2.31151613302196,2.07442398282555,1.78831169801465,1.46418033797188,1.12308101928457,0.794063514612379,0.507830107691928,0.287447431233407,0.140481387099657,0.0576365787859271,0.0192292328709498,0.00503182665414618,0.000991411178789179,0.000140472374467663,1.35959585139798e-05,8.48894803826329e-07,3.20895802566778e-08,6.84689123142638e-10,7.63331539280346e-12,4.08518445817816e-14,9.56504450911197e-17,8.85388010243295e-20,2.90149902830712e-23,2.98589389125687e-27,8.47282216236817e-32,5.75971541186077e-37,8.05831553161801e-43,1.97011297839038e-49,7.05828831860465e-57,3.06751893947859e-65,1.3205746927958e-74,4.53365249070827e-85
"2005",0,0,0,0,3.0758599485526,3.07585988571959,3.07585595415682,3.07581462855976,3.07560602804934,3.07489351717814,3.07298014669886,3.06861390947673,3.0597574631607,3.04333620811983,3.01499451149556,2.96891696780535,2.89781226643553,2.79320905353256,2.64626192411308,2.44927505110352,2.19805297222952,1.89488931657058,1.55144077122336,1.1900130315359,0.84138714307351,0.538095146817319,0.30457837250885,0.148853625398572,0.0610715332826935,0.0203752332288955,0.00533170731945778,0.00105049609254464,0.000148844075642733,1.4406233860282e-05,8.99486200559211e-07,3.40020159064658e-08,7.25494390074965e-10,8.08823640973496e-12,4.32864829694725e-14,1.0135090360903e-16,9.38154284564747e-20,3.07441902710969e-23,3.16384355212647e-27,8.97777507942151e-32,6.10297590321555e-37,8.53856518825537e-43,2.0875253678279e-49,7.47893957359178e-57,3.25033319037668e-65,1.39927669202762e-74
"2006",0,0,0,0,0,3.25299019092622,3.25299012447483,3.25298596650427,3.25294226108071,3.25272164784553,3.25196810544967,3.24994454927195,3.24532687255961,3.23596040806695,3.21859349849886,3.18861968218243,3.13988866056464,3.06468923667877,2.95406221490138,2.7986528079122,2.59032200730379,2.32463274576709,2.00401073611807,1.64078394172904,1.25854258106982,0.889840294736931,0.569082553711665,0.322118196118063,0.15742569278332,0.0645884734793961,0.0215485863921147,0.00563874555447404,0.00111099124856517,0.000157415593083533,1.52358489071452e-05,9.51285115783474e-07,3.5960097685039e-08,7.67273599565682e-10,8.55401550878194e-12,4.57792314522155e-14,1.07187421012724e-16,9.92179987486301e-20,3.25146629081436e-23,3.34604052617404e-27,9.49478024298304e-32,6.45442935656463e-37,9.03027747249977e-43,2.20774016321819e-49,7.90963095796101e-57,3.43751086277928e-65
"2007",0,0,0,0,0,0,3.43421021563934,3.43421014548603,3.43420575588011,3.43415961568194,3.43392671235869,3.43313119105617,3.43099490508862,3.42611998336821,3.41623172482539,3.39789732639431,3.36625370616985,3.31480794014044,3.23541925017778,3.11862933504879,2.95456226390379,2.73462561433215,2.45413513554125,2.11565167378142,1.73218996788258,1.32865441795152,0.939412187284521,0.600785432722828,0.340062998910241,0.166195681704974,0.0681866167485543,0.0227490312534009,0.00595287303373392,0.00117288318481589,0.000166185019363514,1.60846190396773e-05,1.00428002264559e-06,3.79633898589123e-08,8.1001745445429e-10,9.03054903975349e-12,4.83295353167212e-14,1.13158698497373e-16,1.0474530966256e-19,3.43260142095365e-23,3.53244426896298e-27,1.00237226034852e-31,6.81399756269337e-37,9.5333429632281e-43,2.33073061306785e-49,8.3502666296183e-57
"2008",0,0,0,0,0,0,0,3.61948221642491,3.6194821424869,3.6194775160664,3.61942888665344,3.61918341844278,3.61834497960926,3.61609344327829,3.61095552469859,3.60053380508919,3.58121028529768,3.54785952530513,3.49363831473222,3.40996668910005,3.28687608185008,3.11395776613197,2.88215576745425,2.58653312465947,2.22978883893857,1.82563978048543,1.4003339153933,0.990092478988255,0.633197169970735,0.358409037226218,0.175161762561405,0.0718652124426305,0.0239763173749834,0.0062740242237105,0.00123615898935138,0.000175150524997925,1.6952367186772e-05,1.05845986530553e-06,4.00114744996638e-08,8.53717037483467e-10,9.51773758784178e-12,5.09368625165497e-14,1.19263490330274e-16,1.10396208086224e-19,3.61778662897129e-23,3.72301589279482e-27,1.05644918125482e-31,7.18160550819392e-37,1.00476567105138e-42,2.45647105901049e-49
"2009",0,0,0,0,0,0,0,0,3.80876988449697,3.80876980669223,3.80876493832432,3.80871376574424,3.80845546030925,3.80757317373118,3.80520388904943,3.79979727330021,3.78883053015313,3.76849645034734,3.73340154928435,3.67634473795539,3.58829734641178,3.45876948305313,3.27680807697235,3.03288355436426,2.72180076635036,2.34639986349354,1.9211150656573,1.4735670259648,1.04187123774908,0.666311413546706,0.37715271569068,0.184322178219805,0.0756235396467368,0.025230204238765,0.0066021361866163,0.00130080626165979,0.000184310352966689,1.78389232909915e-05,1.11381402583777e-06,4.2103950232739e-08,8.98363784602521e-10,1.00154856759934e-11,5.36007020792672e-14,1.25500600121367e-16,1.16169586581582e-19,3.80698562309058e-23,3.91771805028696e-27,1.1116981892618e-31,7.55718115088964e-37,1.05731179214271e-42
"2010",0,0,0,0,0,0,0,0,0,4.00203830645174,4.00203822469895,4.00203310929544,4.00197934006497,4.0017079274365,4.00078087098789,3.99829136168624,3.99261039801744,3.98108716938914,3.95972127730928,3.92284555557379,3.86289351029221,3.7703783296889,3.63427783356175,3.44308315929298,3.18678117388452,2.85991311100237,2.46546323897814,2.01859821333824,1.54834024209214,1.09473891316824,0.700122055652125,0.3962905771021,0.193675239075702,0.0794609051514499,0.0265104605699942,0.00693714840342455,0.00136681307779304,0.000193662813773731,1.87441238303718e-05,1.17033229437401e-06,4.42404311087997e-08,9.43949460885606e-10,1.05237014964316e-11,5.632056266961e-14,1.31868877459035e-16,1.22064380270523e-19,4.00016350626332e-23,4.11651482935325e-27,1.16810909389616e-31,7.9406552172552e-37
"2011",0,0,0,0,0,0,0,0,0,0,4.19925387187941,4.19925378609795,4.19924841861359,4.19919199970104,4.19890721218934,4.19793447152991,4.19532228224698,4.18936136761911,4.17727028834185,4.15485151116576,27.3272536141115,90.7755845169685,142.923251580372,152.762993253203,147.294464612653,113.870711319762,102.237419571292,88.1428662543141,72.1678192737595,55.3555167776,39.1385915936291,25.0304361921599,14.1679954225766,6.92418660096367,2.84084913220729,0.947789592422983,0.248013686542077,0.0488656621603058,0.00692374237899668,0.000670131152143329,4.18411730479829e-05,1.58166321021737e-06,3.37476398210394e-08,3.76238455978891e-10,2.0135464262134e-12,4.71451445707389e-15,4.36398865727749e-18,1.43011975564866e-21,1.47171713672726e-25,4.17616902238643e-30
"2012",0,0,0,0,0,0,0,0,0,0,0,4.40038418951624,4.40038409962613,4.40037847505709,4.40031935386596,4.40002092597804,4.39900159427083,4.39626428979452,4.39001786714806,4.37734766531956,28.9053251340283,96.5997477751784,153.443733756794,166.074681834601,162.920413441998,123.719994321921,114.562272901453,102.819094245616,88.6389331367838,72.5732684526504,55.6664247682844,39.3584062511635,25.1710139935653,14.2475666827694,6.9630746818466,2.85680409904025,0.953112631675124,0.24940659758276,0.0491401047577048,0.00696262796364185,0.00067389478750316,4.20761642401942e-05,1.59054625283712e-06,3.39371755710713e-08,3.7835151153842e-10,2.02485504021249e-12,4.74099242822673e-15,4.38849798200876e-18,1.4381516897916e-21,1.47998269286167e-25
"2013",0,0,0,0,0,0,0,0,0,0,0,0,4.6053980109356,4.60539791685751,4.6053920302399,4.60533015459352,4.60501782295559,4.6039510006022,4.60108616515884,4.59454872179197,30.4152578034462,102.05069648808,163.085070325895,178.076990661203,176.896354251275,130.128201044568,123.338169715022,114.165198613994,102.456467495642,88.3254540943296,72.3164937660742,55.4694550247936,39.2191391278789,25.0819478602924,14.1971525023443,6.93843624867117,2.84669546447448,0.949740098252781,0.248524086892725,0.0489662253648589,0.00693799111093456,0.000671510250126378,4.19272801886138e-05,1.58491819774644e-06,3.38170908559016e-08,3.77012736795602e-10,2.01769020882413e-12,4.72421670320586e-15,4.3729695380141e-18,1.43306287396844e-21
"2014",0,0,0,0,0,0,0,0,0,0,0,0,0,4.81426516091758,4.8142650625728,4.81425890898129,4.81419422710842,4.81386773039313,4.81275252478514,4.80975776137187,31.8867007597218,107.254588377629,172.083983220747,189.042355335859,189.456506751962,133.175602822305,128.426356808795,121.678821181089,112.622395368431,101.070906857865,87.1308567141382,71.3383989203587,54.7192175081384,38.6886907340821,24.742708390754,14.00513254566,6.8445922028128,2.80819321263836,0.936894631324568,0.245162737882671,0.0483039452003311,0.00684415308563845,0.000662427909888344,4.13602034777867e-05,1.5634817917963e-06,3.33597064377844e-08,3.71913547395283e-10,1.99040045566244e-12,4.66032051778107e-15,4.31382405633705e-18
"2015",0,0,0,0,0,0,0,0,0,0,0,0,0,0,5.02695647375479,5.02695637106519,5.02694994561175,5.02688240613299,5.02654148499099,5.0253770102761,33.3428109070144,112.317194030385,180.656103107777,199.24968568293,200.896845581592,133.133984959176,130.00406665197,125.320320974434,118.728753637433,109.890827562895,98.6193574659,85.0174122769001,69.6080132598109,53.3919467090567,37.7502567811802,24.142548567468,13.6654236605268,6.67856958366066,2.74007759983844,0.914169289045877,0.239216063682509,0.0471322833598341,0.00667814111771936,0.000646360040051263,4.035696922996e-05,1.52555793389686e-06,3.25505324690488e-08,3.62892402028383e-10,1.94212124675858e-12,4.54727965346815e-15
"2016",0,0,0,0,0,0,0,0,0,0,0,0,0,0,0,5.24344373485111,5.24344362773916,5.2434369255718,5.24336647748684,5.24301087448223,34.8003829575463,117.320859928113,188.981534781763,208.951841011108,211.518331531565,130.390541401385,128.455534985169,125.388089865089,120.863311416983,114.505059775522,105.981371879622,95.1108698013379,81.992824886438,67.1316316571556,51.492469450076,36.4072498482063,23.2836508302475,13.1792611732184,6.44097212007872,2.64259632340853,0.88164671042456,0.23070568892827,0.0454555005040324,0.00644055889728404,0.000623365070222221,3.89212256314528e-05,1.47128453132137e-06,3.13925114503212e-08,3.49982105415416e-10,1.87302814584533e-12
"2017",0,0,0,0,0,0,0,0,0,0,0,0,0,0,0,0,5.463699627054,5.46369951544271,5.46369253174437,5.46361912441991,36.2706091190902,122.325152918201,197.20007703633,218.359279096435,221.592616304605,125.395451241905,124.283316179958,122.392697915558,119.462800472937,115.150727162953,109.092827909249,100.971998207396,90.6153036378995,78.1173034309693,63.9585481033029,49.0585958130979,34.6864031575442,22.1831119637249,12.5563223884411,6.1365293070454,2.51768979634838,0.839974273466387,0.21980101683674,0.0433069738246277,0.00613613561588459,0.000593900726643767,3.70815518683867e-05,1.40174192297942e-06,2.99086943624739e-08,3.3343964339297e-10
"2018",0,0,0,0,0,0,0,0,0,0,0,0,0,0,0,0,0,5.68769768123208,5.687697565045,5.68769029503245,37.7601744869325,127.36968614114,205.412607427778,227.634899345318,231.345054743937,118.627007577771,118.042943788774,116.951992335681,115.165955515858,112.407970028094,108.350377027438,102.650208114618,95.0089608761396,85.2638943101143,73.503980336158,60.1813894600581,46.1613740222184,32.6379506607623,20.8730582552854,11.8147917710837,5.77412826120454,2.36900421698481,0.790368455592404,0.206820370221549,0.0407494218565748,0.00577375782000819,0.000558827115210957,3.48916506219154e-05,1.31896015604424e-06,2.81423959266054e-08
"2019",0,0,0,0,0,0,0,0,0,0,0,0,0,0,0,0,0,0,5.91541223067048,5.9154121098317,39.2724809921196,132.478085720063,213.686078285682,236.895975527119,240.949614771449,110.566369979669,110.296105217158,109.711947081486,108.69146703656,107.030552378386,104.467232097349,100.696251268581,95.3987519435897,88.2973001245243,79.240648341357,68.3114828813569,55.9300317747279,42.9004238516388,30.3323275498842,19.3985353598876,10.980166544739,5.36622999263357,2.20165207747002,0.734534932333951,0.192210083247948,0.037870784966528,0.00536588572029176,0.000519350227546964,3.24268207406869e-05,1.22578564733453e-06
"2020",0,0,0,0,0,0,0,0,0,0,0,0,0,0,0,0,0,0,0,6.14681836890819,6.14681824334229,6.14681038648189,6.14672780114207,6.146310932536,6.14488704621333,6.14106335430108,6.13233783766218,6.11463905819588,6.08182271616015,6.02518448674464,5.93310282610778,5.79100673207027,5.58196699642776,5.28830690478443,4.89464706665731,4.39260324316506,3.78675903746036,3.10040924825475,2.37812972106454,1.68143349596952,1.07533281358713,0.608671384986351,0.297470045510062,0.122045746190784,0.0407179975606817,0.0106549183113189,0.00209931816991805,0.000297450961216373,2.87895107060511e-05,1.79753902734699e-06
"2021",0,0,0,0,0,0,0,0,0,0,0,0,0,0,0,0,0,0,0,0,6.38189191068626,6.38189178031833,6.38188362298704,6.38179787932576,6.38136506836158,6.37988672817663,6.37591680633752,6.36685759867717,6.34848196257959,6.31441062108113,6.25560636879171,6.16000321771873,6.0124729250286,5.79543885669547,5.4905482855295,5.08183366509867,4.56059011702808,3.93157653577763,3.21897858595232,2.46907683268998,1.74573676693669,1.11645690053897,0.631948880702094,0.308846229573779,0.12671315688916,0.0422751810214972,0.0110623956816389,0.0021796026566076,0.000308826415437065,2.98905115558503e-05
"2022",0,0,0,0,0,0,0,0,0,0,0,0,0,0,0,0,0,0,0,0,0,6.6206093557142,6.6206092204698,6.62060075800998,6.62051180706973,6.62006280662302,6.61852916847992,6.61441074998626,6.60501267871981,6.58594969395488,6.55060389909602,6.48960004815158,6.39042081959559,6.2373720920858,6.01221976994933,5.69592463424662,5.27192186552055,4.73118097563125,4.0786388675575,3.33938588121715,2.56143372643342,1.81103681064264,1.15821845690977,0.65558720367915,0.320398757235194,0.131452917682249,0.043856502570464,0.0114761894076948,0.00226113164278335,0.000320378201942071
"2023",0,0,0,0,0,0,0,0,0,0,0,0,0,0,0,0,0,0,0,0,0,0,6.86294785499499,6.86294771480015,6.86293894258337,6.86284673571361,6.86238130020956,6.86079152530531,6.85652235764288,6.8467802826202,6.82701952294188,6.79037994281014,6.72714312796556,6.6243335771663,6.46568270687043,6.23228898686186,5.90441629320373,5.46489347350602,4.90435949075852,4.22793195663232,3.46161960918588,2.65519156229416,1.87732737685081,1.20061348546474,0.679584091359915,0.332126522736536,0.136264574900735,0.0454618108503518,0.0118962598829484,0.00234389732484485
