"","X2000","X2001","X2002","X2003","X2004","X2005","X2006","X2007","X2008","X2009","X2010","X2011","X2012","X2013","X2014","X2015","X2016","X2017","X2018","X2019","X2020","X2021","X2022","X2023","X2024","X2025","X2026","X2027","X2028","X2029","X2030","X2031","X2032","X2033","X2034","X2035","X2036","X2037","X2038","X2039","X2040","X2041","X2042","X2043","X2044","X2045","X2046","X2047","X2048","X2049"
"1976",1.47855434493701e-05,3.71839492805216e-06,7.00481761011839e-07,9.46178533615168e-08,8.7092361515521e-09,5.15088452793e-10,1.83583816567582e-11,3.67316409732799e-13,3.81411781792904e-15,1.88428543516807e-17,4.02531121549579e-20,3.34719430965987e-23,9.66107916917958e-27,8.53708470640882e-31,2.00685259013819e-35,1.07000083197249e-40,1.08767492876216e-46,1.65570916074188e-53,2.33680098297298e-61,0,0,0,0,0,0,0,0,0,0,0,0,0,0,0,0,0,0,0,0,0,0,0,0,0,0,0,0,0,0,0
"1977",0.000149544498518976,4.8290275487411e-05,1.2144451508428e-05,2.28780614855313e-06,3.09026328352493e-07,2.84447720493687e-08,1.68230294482804e-09,5.99593319476973e-11,1.19967255027067e-12,1.24570869376521e-14,6.15416423973639e-17,1.31468544382207e-19,1.09320929512575e-22,3.15535358022465e-26,2.78825173889302e-30,6.55447429255813e-35,3.49467269327267e-40,3.55239711888388e-46,5.4076234514506e-53,7.63210115430862e-61,0,0,0,0,0,0,0,0,0,0,0,0,0,0,0,0,0,0,0,0,0,0,0,0,0,0,0,0,0,0
"1978",0.000751818037121204,0.0002988506908119,9.65035981385741e-05,2.42695502594154e-05,4.57196656988398e-06,6.17560208645786e-07,5.68442160101412e-08,3.36192506040576e-09,1.19823115866183e-10,2.39743336563446e-12,2.48943229185316e-14,1.22985215279032e-16,2.62727587425574e-19,2.18467650957326e-22,6.30567895539324e-26,5.57206026686385e-30,1.30985037205584e-34,6.98377646044598e-40,7.09913332506809e-46,1.08066295993603e-52,1.52520401947251e-60,0,0,0,0,0,0,0,0,0,0,0,0,0,0,0,0,0,0,0,0,0,0,0,0,0,0,0,0,0
"1979",0.00259501190600417,0.00122871542007967,0.000488419316871016,0.000157718295214195,3.96643458519937e-05,7.47208173671361e-06,1.00929442195382e-06,9.29019540704906e-08,5.49447999237998e-09,1.95829978634893e-10,3.91818658175353e-12,4.06854277659627e-14,2.00997878467771e-16,4.29382406394821e-19,3.57047261791853e-22,1.03055321687028e-25,9.10656040885216e-30,2.14072191763956e-34,1.14137642403438e-39,1.16022949104989e-45,1.76615507638888e-52,2.49267988391088e-60,0,0,0,0,0,0,0,0,0,0,0,0,0,0,0,0,0,0,0,0,0,0,0,0,0,0,0,0
"1980",0.00686816108918206,0.00379854787017743,0.00179857916304694,0.00071494244460354,0.000230866183306418,5.80602023865356e-05,1.0937545257929e-05,1.477393289805e-06,1.35988786391802e-07,8.0427551120276e-09,2.86653616709561e-10,5.73539537935891e-12,5.95548500683476e-14,2.94218327629787e-16,6.28524910243741e-19,5.22641577363903e-22,1.50851166346858e-25,1.33300758912325e-29,3.13356353474813e-34,1.67073336910523e-39,1.6983302665963e-45,2.58527700327602e-52,3.6487554612586e-60,0,0,0,0,0,0,0,0,0,0,0,0,0,0,0,0,0,0,0,0,0,0,0,0,0,0,0
"1981",0.0147620383067282,0.00937661419207692,0.00518588853789261,0.00245547282406682,0.000976060314477289,0.000315185258871001,7.92654846942854e-05,1.49322563580399e-05,2.01698048554573e-06,1.85655864486507e-07,1.09802042712161e-08,3.91347892943663e-10,7.83012934801062e-12,8.13060213799361e-14,4.01675457316792e-16,8.58080571631903e-19,7.13525551897541e-22,2.05946419848425e-25,1.81986090833053e-29,4.27803249373016e-34,2.28093401079418e-39,2.31861010157191e-45,3.52949570119283e-52,4.98138756461957e-60,0,0,0,0,0,0,0,0,0,0,0,0,0,0,0,0,0,0,0,0,0,0,0,0,0,0
"1982",0.0268557151905324,0.0192070652672709,0.0122000252967204,0.00674742183609547,0.00319484517069474,0.00126996379330716,0.000410091324289399,0.000103133273761463,1.94285380173938e-05,2.62431752470333e-06,2.41559074184132e-07,1.42864756006691e-08,5.09187441855637e-10,1.01878752997049e-11,1.05788240540928e-13,5.22624759849605e-16,1.11645893347935e-18,9.28376661840475e-22,2.67959359364796e-25,2.36784287625972e-29,5.56619943772469e-34,2.96775062531129e-39,3.01677143934437e-45,4.5922692303586e-52,6.48134316462327e-60,0,0,0,0,0,0,0,0,0,0,0,0,0,0,0,0,0,0,0,0,0,0,0,0,0
"1983",0.0429514145334643,0.03373343806248,0.0241259762385292,0.0153244400600693,0.00847543008907067,0.00401304195104206,0.00159520030128343,0.000515115318647468,0.000129545606137481,2.4404167947288e-05,3.29640272276453e-06,3.03422121124261e-07,1.79452282833338e-08,6.39589856764831e-10,1.27969803809961e-11,1.32880507359721e-13,6.56468458993795e-16,1.40238299425759e-18,1.16613303345904e-21,3.36583493988675e-25,2.97424516313572e-29,6.99169776875243e-34,3.72778871065468e-39,3.78936370808914e-45,5.7683449705017e-52,8.14120892533796e-60,0,0,0,0,0,0,0,0,0,0,0,0,0,0,0,0,0,0,0,0,0,0,0,0
"1984",0.0621462003961128,0.0525197592625441,0.0412482817011543,0.0295005526077423,0.0187382863062882,0.0103635131173085,0.00490703273613977,0.00195056523071363,0.000629868255135942,0.000158404656092524,2.98407174598559e-05,4.03074681736273e-06,3.71015877578628e-07,2.19429110679879e-08,7.82072154524327e-10,1.56477810148435e-11,1.62482477772179e-13,8.02710825808664e-16,1.71479375131895e-18,1.42591406710602e-21,4.11564654343535e-25,3.63682178229474e-29,8.54924774049643e-34,4.55823324544236e-39,4.63352538836653e-45,7.05336698417744e-52,9.95483705272831e-60,0,0,0,0,0,0,0,0,0,0,0,0,0,0,0,0,0,0,0,0,0,0,0
"1985",0.0833067018454375,0.0743956554978853,0.0628717748152549,0.0493786094042645,0.035315319920027,0.0224317349053983,0.0124062347610768,0.00587424355194424,0.00233503541657232,0.00075401973764238,0.000189627332786343,3.57225336674331e-05,4.82523548845107e-06,4.4414572792308e-07,2.62680138452498e-08,9.36224100775758e-10,1.87320691895342e-11,1.94508921924983e-13,9.60930799962788e-16,2.05279171308807e-18,1.70697180245703e-21,4.92686955026828e-25,4.3536650462661e-29,1.02343648624386e-33,5.45669321769428e-39,5.54682597385606e-45,8.44363544207679e-52,1.19170057572608e-59,0,0,0,0,0,0,0,0,0,0,0,0,0,0,0,0,0,0,0,0,0,0
"1986",0.104770423063958,0.0980301869662376,0.087544217408397,0.0739836256088221,0.0581057010396813,0.041556889636033,0.0263962816681081,0.014598891640577,0.00691244738929547,0.00274772561376954,0.000887283906575206,0.000223141745803879,4.20360736501534e-05,5.67803942072506e-06,5.22643290204145e-07,3.09105780379972e-08,1.10169075966571e-09,2.20427433115948e-11,2.28886098723301e-13,1.1307640789422e-15,2.41559863707157e-18,2.00865910225832e-21,5.79763611416474e-25,5.12312441879745e-29,1.20431691415052e-33,6.42109991751239e-39,6.52716258405173e-45,9.93594924208212e-52,1.40231971328005e-59,0,0,0,0,0,0,0,0,0,0,0,0,0,0,0,0,0,0,0,0,0
"1987",0.12456007829026,0.121552636096201,0.11373274340484,0.101567122569254,0.085834383957932,0.0674131202971228,0.0482135065936984,0.0306244599006507,0.016937354179735,0.00801968893007376,0.00318785857549559,0.00102940977668968,0.000258884775229097,4.87694466995807e-05,6.58755247199826e-06,6.06360724758402e-07,3.58618599972843e-08,1.27816049686509e-09,2.55735681689539e-11,2.65549263350866e-13,1.31189080447266e-15,2.80253122493547e-18,2.33040777881635e-21,6.72630626272322e-25,5.94375072603743e-29,1.3972253936674e-33,7.44963701381897e-39,7.57268888601937e-45,1.15274978106737e-51,1.62694444494897e-59,0,0,0,0,0,0,0,0,0,0,0,0,0,0,0,0,0,0,0,0
"1988",0.141677185771265,0.142802808224971,0.139354904235339,0.130389731351118,0.116442366810503,0.0984054541366775,0.0772862623544911,0.0552747255016111,0.0351096349184611,0.0194179529586587,0.0091942307360833,0.00365474366308605,0.00118017432987614,0.000296800334560294,5.59120870817787e-05,7.55234747154347e-06,6.95166665607337e-07,4.11140903737164e-08,1.46535640327092e-09,2.93190033354766e-11,3.04440885467405e-13,1.50402675989538e-15,3.21298231786876e-18,2.67171295725105e-21,7.71142276468205e-25,6.81425627470668e-29,1.60185922068859e-33,8.54069056821737e-39,8.68176428259484e-45,1.32157837548513e-51,1.86522229877963e-59,0,0,0,0,0,0,0,0,0,0,0,0,0,0,0,0,0,0,0
"1989",0.155784107427474,0.160789146668645,0.162066613275686,0.158153594130999,0.147979037868158,0.13215020254401,0.111680147456641,0.0877120201501629,0.0627311722587181,0.0398458524402165,0.0220373948655032,0.0104345135476942,0.00414776106457238,0.00133937741908133,0.000336838089104652,6.3454512604848e-05,8.57114360850654e-06,7.88943218677067e-07,4.66602965838144e-08,1.66302996749073e-09,3.32740765693733e-11,3.45509334610731e-13,1.70691687566984e-15,3.64640702269187e-18,3.03212153884472e-21,8.75167783143434e-25,7.73348542764296e-29,1.81794673415977e-33,9.69281215566847e-39,9.85291642389372e-45,1.49985657954172e-51,2.11683694968574e-59,0,0,0,0,0,0,0,0,0,0,0,0,0,0,0,0,0,0
"1990",0.167185589990642,0.175261577041614,0.180892389356478,0.182329575831179,0.177927317361963,0.166480650524306,0.148672758002703,0.125643360485943,0.0986785316607484,0.0705743632087154,0.044827723781073,0.0247926996007277,0.0117391262191644,0.00466634984385164,0.00150683790919691,0.000378952485455867,7.13881417891753e-05,9.64278173610462e-06,8.87583688637833e-07,5.2494168368978e-08,1.87095628419981e-09,3.74342879415139e-11,3.88707884690144e-13,1.92033031128105e-15,4.10231220556383e-18,3.41122346467321e-21,9.84588790105819e-25,8.70039232152132e-29,2.045242078078e-33,1.0904690936856e-38,1.10848128183728e-44,1.68738155520198e-51,2.38150212026348e-59,0,0,0,0,0,0,0,0,0,0,0,0,0,0,0,0,0
"1991",0.176759184244604,0.186663395166523,0.195680267747106,0.201967092731824,0.203571717310235,0.198656577720092,0.185876327368511,0.165993742517574,0.140281325978813,0.110174984284671,0.0787965652362234,0.0500503369879576,0.0276811505290291,0.0131067824474598,0.00520999869029906,0.00168239068996355,0.00042310200027373,7.97051523504058e-05,1.07662052561574e-05,9.90990819393209e-07,5.86099537331236e-08,2.08893034523147e-09,4.17955356271753e-11,4.33993943427305e-13,2.14405664845259e-15,4.5802483597209e-18,3.80864495333151e-21,1.09929741202181e-24,9.7140236195405e-29,2.28352114708476e-33,1.21751320411591e-38,1.23762388587359e-44,1.88396840931685e-51,2.65895685979596e-59,0,0,0,0,0,0,0,0,0,0,0,0,0,0,0,0
"1992",0.185884548754293,0.196037812331113,0.20702224773851,0.217022565302318,0.223995076641855,0.225774713119071,0.220323493049961,0.206149336664961,0.184098214092051,0.155581416452672,0.122191460574367,0.0873906854352701,0.0555091867587286,0.0307002559199965,0.0145363024200441,0.00577823862369048,0.00186588432027545,0.000469248547853673,8.83983695957155e-05,1.1940445044169e-05,1.09907540648764e-06,6.50023768766069e-08,2.31676411464178e-09,4.63540573836332e-11,4.81328444674801e-13,2.37790288902319e-15,5.07980319217992e-18,4.22404316804171e-21,1.21919469517232e-24,1.07735049097774e-28,2.53257838906324e-33,1.35030395189445e-38,1.37260804926348e-44,2.08944755567731e-51,2.94896182116275e-59,0,0,0,0,0,0,0,0,0,0,0,0,0,0,0
"1993",0.194216082567685,0.204941866993918,0.216136066874756,0.228246652264194,0.239272225749424,0.246959575242091,0.248921664208899,0.242911572322053,0.227284248307913,0.202972393128505,0.171531986768387,0.134718814601024,0.0963501826860091,0.0612001182770993,0.0338477178851039,0.0160265981068169,0.00637063714768897,0.00205717914024901,0.000517357005333646,9.74611769809405e-05,1.31646073677964e-05,1.21175518504454e-06,7.16665724257864e-08,2.55428418457096e-09,5.11063836483915e-11,5.30675361400391e-13,2.62169104894679e-15,5.60059648391286e-18,4.65710194269917e-21,1.34418938385231e-24,1.18780298043839e-28,2.79222424263536e-33,1.48874026789773e-38,1.51333103344041e-44,2.30366260087822e-51,3.25129627703348e-59,0,0,0,0,0,0,0,0,0,0,0,0,0,0
"1994",0.200612973343082,0.21300030615882,0.224763468798993,0.237040351178138,0.250322250192931,0.262414196940503,0.270845052788484,0.272996911404493,0.266405534444275,0.24926676428967,0.222603511030519,0.188122246184035,0.147748571467406,0.105668995786824,0.0671192815632821,0.0371214071305959,0.0175766613058251,0.00698679349796685,0.00225614573676651,0.000567394826795933,0.000106887443413984,1.44378640673285e-05,1.32895392591431e-06,7.8598031976707e-08,2.80132986999487e-09,5.60492994187738e-11,5.82001309854618e-13,2.87525620276525e-15,6.14227591234472e-18,5.10752830812583e-21,1.47419691773567e-24,1.30268510797277e-28,3.06228305443315e-33,1.63272849838616e-38,1.6596976377078e-44,2.52646862600927e-51,3.56575569471602e-59,0,0,0,0,0,0,0,0,0,0,0,0,0
"1995",0.205754780734979,0.218976228041868,0.232497444393369,0.24533735669746,0.258738012451169,0.273235679770614,0.286434471674954,0.295637052056425,0.297985882618881,0.290791159165565,0.272083579196082,0.242979685620718,0.205342153070503,0.161272844618963,0.115341484315669,0.0732630939100454,0.0405193421821378,0.0191855538063175,0.00762633473198056,0.00246266368080281,0.000619331725719259,0.000116671463434247,1.57594444753981e-05,1.45060069191275e-06,8.57925601069657e-08,3.05775164093418e-09,6.11798128834006e-11,6.35275223848258e-13,3.13844487444377e-15,6.70451361377051e-18,5.57504963359355e-21,1.60913860682698e-24,1.42192733857922e-28,3.3425913652629e-33,1.78218149123203e-38,1.81161927037351e-44,2.75773077269287e-51,3.89214974054744e-59,0,0,0,0,0,0,0,0,0,0,0,0
"1996",0.210522673488007,0.22363080417257,0.23800093391149,0.252696876699678,0.266652323585588,0.281217231443072,0.296974459487506,0.31131996551721,0.321322068232977,0.323874965743646,0.316055163035215,0.295722264145798,0.264089817494683,0.223182327320167,0.175284267050837,0.125362379429688,0.0796282086314047,0.0440396721007733,0.020852399204902,0.00828891247585998,0.0026766204769447,0.000673139410794924,0.00012680790744492,1.71286286945899e-05,1.57662921904873e-06,9.32462377797987e-08,3.3234098181314e-09,6.6495129325159e-11,6.90468083767556e-13,3.41111369862727e-15,7.28700332345931e-18,6.05941124871544e-21,1.74894094506291e-24,1.54546471807628e-28,3.63299648428022e-33,1.93701783570724e-38,1.96901317598048e-44,2.99732306673885e-51,4.23030061964779e-59,0,0,0,0,0,0,0,0,0,0,0
"1997",0.215801800976228,0.227927683179736,0.242119531536249,0.257677715004647,0.273588648189925,0.28869786480656,0.304466929718572,0.321526890158924,0.337058414147373,0.347887442969583,0.35065140185991,0.342185095192201,0.320171169283853,0.285923502944451,0.241633976758541,0.189775933512602,0.13572674253035,0.0862114888073691,0.0476806619620301,0.0225763760300291,0.00897420019136324,0.0028979106808474,0.000728791363977238,0.000137291779901501,1.8544741949737e-05,1.70697739667326e-06,1.00955391598649e-07,3.59817347724603e-09,7.19926291962267e-11,7.47552688910993e-13,3.69312829591755e-15,7.88945797296143e-18,6.56037444551841e-21,1.89353503364603e-24,1.67323636352745e-28,3.93335529110734e-33,2.0971612238039e-38,2.13180178607779e-44,3.24512742985797e-51,4.58004168109261e-59,0,0,0,0,0,0,0,0,0,0
"1998",0.221684132170003,0.232819576093281,0.245901685425116,0.26121267960309,0.277997755832799,0.295163399041926,0.311464103632311,0.328476691069457,0.346881971933303,0.363638286360313,0.37532127458601,0.378303194728817,0.369169249040991,0.345419341139642,0.308470960156476,0.260688834774157,0.204741351523651,0.146429930229911,0.0930099850311881,0.0514406805486752,0.0243567119146189,0.00968189085947246,0.00312643515123124,0.000786262652369229,0.000148118383874288,2.00071498011857e-05,1.84158682687759e-06,1.08916567748746e-07,3.88191952010073e-09,7.76698495354665e-11,8.06503464532359e-13,3.98436231960986e-15,8.51160765369601e-18,7.07771478509138e-21,2.0428560922891e-24,1.80518503134845e-28,4.24353322056267e-33,2.26253990891891e-38,2.29991216896381e-44,3.50103284203564e-51,4.94121623572088e-59,0,0,0,0,0,0,0,0,0
"1999",0.227896799300545,0.238394297593007,0.250369111967364,0.264437328012734,0.280902438378458,0.29895274454452,0.317412304168903,0.334941727601501,0.353236694375253,0.373029333390902,0.391048709739461,0.403612341356162,0.406819033467882,0.396996586794828,0.371456452024612,0.331722966161373,0.280339107034806,0.220174399524877,0.157467564421719,0.100020916398483,0.0553181898364445,0.0261926786176467,0.010411695001454,0.00336210041085074,0.000845529767513691,0.000159283290773576,2.15152540554147e-05,1.98040244808025e-06,1.17126509734994e-07,4.17453188123232e-09,8.35244680930195e-11,8.67296296994661e-13,4.28469664130507e-15,9.15319787721232e-18,7.61122065092856e-21,2.19684304166338e-24,1.94125674833464e-28,4.56340339529958e-33,2.43308624339986e-38,2.47327555959338e-44,3.76493462593475e-51,5.31367654617022e-59,0,0,0,0,0,0,0,0
"2000",0.233995462235164,0.244349188271195,0.255604524873174,0.268443828369551,0.283527660971238,0.301181425153133,0.320534824030433,0.340327021305277,0.359121933738289,0.378737655829758,0.399959170533177,0.419279406699009,0.432750035495471,0.436188226013894,0.42565667454514,0.398272739278858,0.355670802579153,0.300577425636811,0.236069290868153,0.168835506525681,0.107241654148374,0.0593117359465029,0.0280835877402116,0.0111633389759786,0.00360481809660793,0.00090657048710297,0.00017078231429815,2.30684892461172e-05,2.1233722111232e-06,1.25582139225399e-07,4.47590084512831e-09,8.95542896694989e-11,9.29908391919886e-13,4.59401865012812e-15,9.81398807814283e-18,8.16069200407987e-21,2.35543814409501e-24,2.08140049415961e-28,4.89284587944101e-33,2.60873628060272e-38,2.65182695506239e-44,4.03673383112351e-51,5.69728295780096e-59,0,0,0,0,0,0,0
"2001",2.40905204960672,0.250203071021635,0.261273944046207,0.273308877357722,0.287037490442295,0.303166099107045,0.322042644708441,0.342736549571181,0.363899646039501,0.383996381101809,0.40497077889872,0.427662193936462,0.448320639084839,0.462724305981933,0.466400641489683,0.455139626019835,0.425858952647646,0.380306208624674,0.321396809389946,0.252420542624674,0.180529835180157,0.114669707493717,0.0634199413086277,0.0300287870148729,0.0119365635041175,0.00385450448325031,0.000969363755194463,0.000182611487869946,2.46663195861781e-05,2.27044679871225e-06,1.34280539457998e-07,4.7859224548293e-09,9.57572342832485e-11,9.94318151320889e-13,4.9122216457238e-15,1.04937503174882e-17,8.72593930488469e-21,2.51858669234274e-24,2.22556792636136e-28,5.23174703209147e-33,2.78942943020144e-38,2.83550476422381e-44,4.31633670070482e-51,6.09190314591837e-59,0,0,0,0,0,0
"2002",0,2.56941090812165,0.266857870519433,0.278665677626137,0.291501717816373,0.306144177790885,0.323346389359042,0.343479454638308,0.365550851931129,0.388122672628906,0.409557149436972,0.431927710712087,0.456129582700785,0.47816315989881,0.493525608729415,0.497446659981531,0.485436053573305,0.45420630842441,0.40562134015583,0.342790629209041,0.269222948404001,0.192546826802278,0.12230271127333,0.0676414978320726,0.0320276570721136,0.0127311223839988,0.00411108006831316,0.00103388957782835,0.000194767044970225,2.63082363115764e-05,2.42157938093264e-06,1.4321894078136e-07,5.10449799657515e-09,1.02131326859088e-10,1.06050506653201e-12,5.2392043093027e-15,1.11922681526374e-17,9.30678257335218e-21,2.68623673839339e-24,2.37371314069038e-28,5.57999894397608e-33,2.97510815781884e-38,3.02425050235711e-44,4.60365420652796e-51,6.49741145978917e-59,0,0,0,0,0
"2003",0,0,2.73402821511419,0.283954950576116,0.296519261596324,0.310177682652885,0.325758257399594,0.344062582192892,0.36548553496244,0.388971005018952,0.412988959663401,0.43579670294192,0.459600503852387,0.485352944097161,0.508798170996794,0.525144862926589,0.529317128531249,0.516537025241066,0.483306449268176,0.43160873378917,0.364752577788112,0.286471554536547,0.204882938553793,0.130138415132165,0.0719751609214837,0.034079608606929,0.0135467813645152,0.00437446920842201,0.00110012893156184,0.000207245401908988,2.79937553539553e-05,2.57672540101753e-06,1.52394707984352e-07,5.43153354822199e-09,1.08674688192993e-10,1.12844962438868e-12,5.57487024014115e-15,1.19093356472144e-17,9.90305056581212e-21,2.85833885581688e-24,2.52579246111287e-28,5.93749894379124e-33,3.16571772182575e-38,3.21800852361998e-44,4.89860164191404e-51,6.91368834783074e-59,0,0,0,0
"2004",0,0,0,2.90285890545125,0.301489630747071,0.314829808413945,0.32933165919195,0.345874359777665,0.365309006406679,0.388054861363243,0.412990597404801,0.43849169982391,0.462707858356324,0.487981582699964,0.515324278027096,0.540217285831362,0.557573412582634,0.562003322376338,0.548434026915738,0.513151408812931,0.458261275294889,0.387276642890938,0.30416163909638,0.217534793338283,0.138174673991775,0.0764197442064401,0.0361840798833106,0.0143833171533461,0.00464459979896723,0.001168063682911,0.000220043142649207,2.97224152907502e-05,2.73584238666454e-06,1.61805329136862e-07,5.76693958151232e-09,1.15385526994275e-10,1.19813322459549e-12,5.91912754735526e-15,1.26447564990036e-17,1.05145800497531e-20,3.03484593046118e-24,2.68176425485678e-28,6.30414916342476e-33,3.3612059415279e-38,3.41672578540604e-44,5.2010982629506e-51,7.34061985134883e-59,0,0,0
"2005",0,0,0,0,3.0758599485526,0.319457441895431,0.333592651193774,0.348958765579901,0.36648735785042,0.387080246835896,0.411181681502629,0.437603507115261,0.464624393120978,0.490283756722072,0.517063713651216,0.546035945572052,0.57241249648204,0.590802992498223,0.595496910650623,0.581118928875844,0.543733580349704,0.485572171628875,0.41035708371536,0.32228869333807,0.230499166524897,0.14640943961744,0.0809741148775138,0.0383405345259114,0.0152405165391356,0.00492140299064172,0.00123767651706319,0.000233157005377472,3.14937755312135e-05,2.89888978306572e-06,1.71448405714737e-07,6.11063061011536e-09,1.22262132843537e-10,1.26953810660341e-12,6.27188848865328e-15,1.33983432682338e-17,1.11412151621121e-20,3.21571297523408e-24,2.84158876874234e-28,6.6798561532102e-33,3.56152299202966e-38,3.62035163982028e-44,5.51106697106566e-51,7.77809715653545e-59,0,0
"2006",0,0,0,0,0,3.25299019092622,0.337854109837878,0.352803326630352,0.369054332920233,0.387592348197416,0.409371124537381,0.434860493972107,0.462803879230821,0.491380823108937,0.518517838283848,0.546839978648178,0.577480641039869,0.6053761443514,0.624825698020143,0.629789925898578,0.614583956036174,0.575045688990846,0.513534926074499,0.433988409885604,0.34084840519755,0.243772974148254,0.154840753122928,0.0856371895409077,0.0405484595572525,0.0161181756112746,0.00520481293749605,0.00130895087451588,0.000246583870567826,3.33074147041315e-05,3.06582880450281e-06,1.81321643822706e-07,6.46252487680157e-09,1.29302869933626e-10,1.34264728461752e-12,6.63306914925464e-15,1.41699166916674e-17,1.17828068389147e-20,3.40089696547891e-24,3.00522798371061e-28,7.06453053996043e-33,3.76662122190657e-38,3.8288376483399e-44,5.82843403089602e-51,8.22601619627945e-59,0
"2007",0,0,0,0,0,0,3.43421021563934,0.356675540749362,0.372457559756895,0.389613889330468,0.409184634308476,0.43217667910451,0.459086029506829,0.488586105892765,0.518755035658284,0.547403820089171,0.577303751555076,0.609651367017617,0.639100894012838,0.659633958048852,0.664874736868425,0.648821661397791,0.607080766828085,0.542143316057924,0.458165362703983,0.359836644567476,0.257353262377453,0.163466738281385,0.0904079305189327,0.0428073636460323,0.0170160990635965,0.00549476657209082,0.00138187089452999,0.000260320750329345,3.51629292189461e-05,3.23662230190342e-06,1.9142284636129e-07,6.82254407426177e-09,1.36506171483753e-10,1.41744448959468e-12,7.00258915534157e-15,1.49593050704611e-17,1.2439212306258e-20,3.590356692056e-24,3.1726454849978e-28,7.4580867217802e-33,3.97645499048751e-38,4.04213741640871e-44,6.15312881849912e-51,8.68427729480303e-59
"2008",0,0,0,0,0,0,0,3.61948221642491,0.375917808087852,0.39255125029151,0.410633145659441,0.431259711583536,0.455492152824177,0.483853234156122,0.514944808392264,0.546741319938818,0.57693567592133,0.60844867699515,0.642541412022617,0.673579709781998,0.6952205108572,0.700744024138732,0.683824902263115,0.639832130677761,0.57139137327386,0.482882898355192,0.379249450106105,0.271237198081863,0.172285595532861,0.0952853425357758,0.0451167755378666,0.0179340995705896,0.005791203404066,0.00145642136447239,0.000274364778863147,3.70599319767294e-05,3.41123464419104e-06,2.01749906009506e-07,7.1906130950019e-09,1.43870534735367e-10,1.49391411728193e-12,7.38037141735371e-15,1.57663437217773e-17,1.31102946243064e-20,3.78405262972511e-24,3.34380634583037e-28,7.86044259466301e-33,4.1909805220832e-38,4.26020644525785e-44,6.4850835957877e-51
"2009",0,0,0,0,0,0,0,0,3.80876988449697,0.395577140839041,0.413080460361741,0.432107982646414,0.453813253846747,0.479312976433134,0.509157254152939,0.541874821067576,0.575334191322528,0.607107618258041,0.640268651323882,0.676144330409553,0.708805834653314,0.731578382350214,0.737390758205482,0.719586818852069,0.673293362072674,0.601273365817626,0.508136172806093,0.399083017377809,0.285422060349269,0.181295596596779,0.100268469737838,0.047476242644443,0.0188719972265814,0.00609406533904448,0.00153258767427225,0.000288713203882739,3.89980512112847e-05,3.58963161161234e-06,2.12300798915957e-07,7.5666598064859e-09,1.51394516453183e-10,1.57204118150039e-12,7.76634189919696e-15,1.65908744857564e-17,1.37959222773202e-20,3.98194681881442e-24,3.51867702286107e-28,8.27151930668726e-33,4.41015577493031e-38,4.48300199868509e-44
"2010",0,0,0,0,0,0,0,0,0,4.00203830645174,0.41564991291239,0.434041403431424,0.454034439337867,0.476841101181427,0.503634756269384,0.534993422265247,0.569371176778386,0.604528375961018,0.637914081997172,0.672757805465789,0.710453924245563,0.744772771299546,0.768700866454217,0.774808179715373,0.756100815012632,0.707458289213606,0.631783782067244,0.533920528184482,0.419333688155138,0.29990523283478,0.190495079612077,0.105356393005906,0.0498853297708618,0.0198296190398504,0.00640329651527289,0.00161035577533805,0.000303363378874681,4.09769294437542e-05,3.77178029951264e-06,2.23073579007826e-07,7.95061484830152e-09,1.59076728866857e-10,1.65181127200473e-12,8.16042941005672e-15,1.7432745280777e-17,1.44959688038382e-20,4.1840027584795e-24,3.69722526184629e-28,8.69124103628784e-33,4.63394032297161e-38
"2011",0,0,0,0,0,0,0,0,0,0,4.19925387187941,0.436132633545731,0.455430434280717,0.476408702605987,0.500339248922052,0.52845326264564,0.561357245445559,0.597429093761725,0.634318796829809,0.669349709730303,4.68655288881175,16.6952234313305,28.232006672773,32.3115212027671,33.1461514952532,32.4380331983852,30.3650425781069,27.1189758652596,22.9185172043026,17.9999154596854,12.8734480693346,8.1770118167505,4.52242902530215,2.14133055559464,0.851187500599069,0.274861859204099,0.0691246112585888,0.0130218899177229,0.00175893697638225,0.000161903879223294,9.57544579101227e-06,3.41280584745796e-07,6.82837743784397e-09,7.09040907597101e-11,3.50286886483489e-13,7.4830156115776e-16,6.22240267479132e-19,1.79598551211036e-22,1.58703600083128e-26,3.73072005074504e-31
"2012",0,0,0,0,0,0,0,0,0,0,0,4.40038418951624,0.457021938596864,0.477244039912367,0.499227097636056,0.524303837663821,0.553764419297517,0.588244393622116,0.626043963702895,0.664700561062677,4.65666966343481,16.5666053891515,28.2209961284072,32.805169724931,34.4599584047776,34.8327264346189,34.0072273923877,31.8217540717663,28.418217553724,24.0162831209527,18.8620573096766,13.4900441368202,8.56866359855272,4.73903836559145,2.2438931797688,0.891956555699291,0.288026829634751,0.0724354506227703,0.0136455952080674,0.00184318421733431,0.00016965853746696,1.00340778509498e-05,3.57626791597654e-07,7.15543404478425e-09,7.43001612835122e-11,3.67064465284866e-13,7.8414272134378e-16,6.52043510260568e-19,1.88200725491112e-22,1.663049755819e-26
"2013",0,0,0,0,0,0,0,0,0,0,0,0,4.6053980109356,0.478314582618141,0.49947883127562,0.522486079269138,0.548731144170463,0.579564293780462,0.615650689497895,0.65521134087897,4.61855910760535,16.4404441141883,27.9686652105871,32.751484475564,34.9428032065363,36.1682266924821,36.4722276189545,35.5942261290275,33.3047190408136,29.742277583461,25.1352088747873,19.7408411749601,14.1185451628682,8.96787749484293,4.95983008005326,2.34843612332907,0.933512795829514,0.301445994524145,0.0758102169838145,0.0142813432470259,0.00192905813736062,0.000177562925721375,1.05015653602322e-05,3.74288617481415e-07,7.48880559014394e-09,7.77618044811899e-11,3.84165992218489e-13,8.20675916836998e-16,6.82422205850079e-19,1.96968993957024e-22
"2014",0,0,0,0,0,0,0,0,0,0,0,0,0,4.81426516091758,0.500007431624687,0.522131535714443,0.546182224102456,0.57361757307782,0.605849088707155,0.643572099242401,4.54724266213359,16.286617038894,27.7228593870309,32.4202720484707,34.8443772361733,36.6316493841068,37.8258155874904,38.1291289127907,37.2089554669243,34.8152426528666,31.091178968537,26.2751592654608,20.63614141973,14.7588590655744,9.37459479002906,5.18477167500577,2.45494399927964,0.975850104500181,0.315117378756393,0.0792484136224837,0.0149290404612163,0.00201654609699914,0.000185615880569104,1.09778395111162e-05,3.91263610005058e-07,7.82844300620838e-09,8.12885108463891e-11,4.0158895017438e-13,8.57895770452597e-16,7.1337188292074e-19
"2015",0,0,0,0,0,0,0,0,0,0,0,0,0,0,5.02695647375479,0.522097456479143,0.545198990059572,0.570312223263233,0.598959649304706,0.632615133731935,4.46145188067624,16.0171332943684,27.432642384454,32.0992745269742,34.4532862800158,36.4874672979007,38.2674778080727,39.4998253507254,39.8141169242189,38.8528973989673,36.3533698603777,32.4647699462764,27.4359800656683,21.5478336493234,15.4108965043875,9.78875869834167,5.41383174078744,2.56340193516515,1.01896256983426,0.329039073292382,0.0827495604372596,0.0155885964077547,0.00210563587964123,0.000193816277514866,1.14628337978227e-05,4.08549398821382e-07,8.17429886682417e-09,8.48797879182994e-11,4.19330906252517e-13,8.95797084899571e-16
"2016",0,0,0,0,0,0,0,0,0,0,0,0,0,0,0,5.24344373485111,0.544581726826148,0.568678134294597,0.594872875783025,0.624754011094423,4.38081538431704,15.6981777159862,26.9499470575711,31.72935224121,34.0757626193882,36.0394399779276,38.0761871844557,39.9183960433584,41.2013786608229,41.5288006851325,40.5261202667063,37.9189395408708,33.8628744406357,28.6175181172432,22.475797027557,16.074570995155,10.2103142800263,5.64697989151074,2.67379554349097,1.06284447274209,0.343209231347786,0.0863131929830189,0.016259923593154,0.00219631566706918,0.000202163028733846,1.19564838833663e-05,4.26143690881629e-07,8.52632729243331e-09,8.85351592955544e-11,4.37389506891215e-13
"2017",0,0,0,0,0,0,0,0,0,0,0,0,0,0,0,0,5.463699627054,0.567457405518424,0.592566005735424,0.619861082509078,4.32198388950077,15.3987935261151,26.3864572491142,31.1393968621013,33.6488548880809,35.6083361620504,37.5704575659719,39.678515266563,41.5956937255275,42.9321626727028,43.2732708566394,42.2284609186943,39.5117613347161,35.2853170619059,29.8196244685587,23.419914478128,16.7497987950128,10.6392083418652,5.88418670770933,2.78611089439018,1.10749027604513,0.357626064880363,0.0899388615876034,0.0169429373069005,0.00228857401697656,0.000210655081002522,1.24587274771779e-05,4.44044266073828e-07,8.88448386280453e-09,9.22541637300552e-11
"2018",0,0,0,0,0,0,0,0,0,0,0,0,0,0,0,0,0,5.68769768123208,0.590721743483797,0.616859733670167,4.28398504730814,15.1772949195672,25.8581841426878,30.4588042269125,32.9912495661542,35.1281979744694,37.0851138950133,39.1136125466019,41.3057191101486,43.301094602773,44.6922876598185,45.0473691726011,43.9597228057507,41.1316450284488,36.7319270408712,31.0421546804265,24.3800725451668,17.4364987591646,11.0753893417834,6.12542368318683,2.90033449042711,1.15289461445841,0.372287841355025,0.0936261305382717,0.0176375554681944,0.0023823998422666,0.000219291413793153,1.29695042224082e-05,4.62248973206145e-07,9.24872553666788e-09
"2019",0,0,0,0,0,0,0,0,0,0,0,0,0,0,0,0,0,0,5.91541223067048,0.614372074988713,4.25930578296851,15.0299659901508,25.4627041064836,29.8214400496117,32.2403865399408,34.4098809039984,36.5512833072321,38.5726862031151,40.6800544805578,42.959529134932,45.0347251026909,46.4816051364703,46.8509009356885,45.7197088939574,42.7784052095112,38.2025386471438,32.2849686736712,25.3561612098886,18.1345922024644,11.5188073001855,6.37066317591496,3.01645324334318,1.19905228534652,0.387192880758805,0.097374577330993,0.0183436984845308,0.00247778239194994,0.000228071037515489,1.34887555919369e-05,4.80755726300519e-07
"2020",0,0,0,0,0,0,0,0,0,0,0,0,0,0,0,0,0,0,0,6.14681836890819,0.638405813259243,0.666653706731864,0.697361448874624,0.732390700775455,0.773543663004561,0.821708125562824,0.874509672360245,0.928508385312786,0.979786223106385,1.03330346183765,1.09120175705849,1.14391282659801,1.18066451250581,1.19004486883019,1.16131181727412,1.08660069554159,0.97037056105351,0.820060244023832,0.644063804411537,0.460631021734258,0.292585568873354,0.161819193676032,0.076619971598034,0.0304567465948802,0.00983496349302618,0.00247338073810232,0.000465942464047584,6.2937364242683e-05,5.79316004825699e-06,3.42623600292103e-07
"2021",0,0,0,0,0,0,0,0,0,0,0,0,0,0,0,0,0,0,0,0,6.38189191068626,0.662820446425184,0.692148627612173,0.724030729768889,0.760399609720521,0.803126389818525,0.85313281192755,0.907953654866826,0.964017447335858,1.01725630987778,1.07282021504682,1.13293272199536,1.18765962754367,1.2258168127609,1.23555590322252,1.20572400999096,1.12815570150882,1.00748056348629,0.851421910249266,0.668694816839026,0.478246991368182,0.303774955287653,0.168007665288844,0.0795501587312003,0.0316215077547854,0.0102110832289302,0.00256797054625612,0.000483761559832567,6.53442857156745e-05,6.0147085907549e-06
"2022",0,0,0,0,0,0,0,0,0,0,0,0,0,0,0,0,0,0,0,0,0,6.6206093557142,0.68761353375685,0.718038748328022,0.751113414394546,0.788842688132546,0.833167682039561,0.885044616135927,0.941916056569472,1.000076939601,1.05530722497177,1.11294952220125,1.17531056363984,1.23208455291342,1.27166902425395,1.28177240963382,1.25082464144978,1.17035485662252,1.04516581253102,0.883269717435594,0.693707637553198,0.496136028266558,0.315137789726813,0.174292065144583,0.0825257670476121,0.032804324017548,0.0105930332421067,0.00266402660240504,0.000501856871564906,6.77885171679656e-05
"2023",0,0,0,0,0,0,0,0,0,0,0,0,0,0,0,0,0,0,0,0,0,0,6.86294785499499,0.712782702167606,0.744321590789507,0.778606910514648,0.817717213563604,0.863664664245656,0.91744048372866,0.976393626734598,1.03668341065023,1.09393532632004,1.15368754229795,1.21833122576901,1.27718335054636,1.31821675821043,1.32868996442084,1.29660939481402,1.21319412176283,1.08342270111934,0.915600617249031,0.719099872435503,0.514296420168472,0.326672984589676,0.180671791727791,0.0855465117349652,0.034005082169133,0.0109807769739595,0.0027615397124806,0.000520226667239956
