filename,first_date
Strong Job Gains Firming Up Expectations For Aggressive Fed Tightening; Dems Pass Massive Reconcilia.DOCX,"August 8, 2022"
Summerland senior's vehicle vandalized in apparent TikTok challenge(3).DOCX,"November 16, 2023"
"TikTok users offer how-to on stealing cars Kia, Hyundai models lack security feature.DOCX","September 21, 2022"
Summerland senior's vehicle vandalized in apparent TikTok challenge.DOCX,"November 12, 2023"
Automovilismo.Esto costará el Toyota Yaris Sedán 2023 en México.DOCX,"October 14, 2022"
"'You could lose your life'_ Parents respond to reckless driving after crash involving stolen Kia , s.DOCX","May 9, 2023"
"2024 Kia Soul_ Trim Levels, Standard Tech & Safety Features, Starting MSRP & More.DOCX","September 18, 2023"
Four New York Teens Die In Car Crash Linked To Viral TikTok 'Challenge'.DOCX,"October 26, 2022"
Auto Insurers Drop Coverage of These 2 Vehicles Due to Ease of Theft.DOCX,"January 30, 2023"
Teenage boy fatally shot while driving stolen Kia.DOCX,"January 17, 2023"
TikTok challenge possibly linked to teens' deadly car crash(2).DOCX,"October 25, 2022"
Rep. Liz Cheney Defeated In GOP Primary; Sarah Palin`s Political Comeback; Rudy Giuliani Set To Test.DOCX,"August 17, 2022"
Millions Of Hyundais And Kias On The Road But Now The Vehicles Are Being Stolen At An Alarming.DOCX,"August 17, 2022"
This is how much the 2023 Toyota Yaris Sedan will cost in Mexico.DOCX,"October 13, 2022"
"City files lawsuit against Hyundai , Kia over vehicle thefts.DOCX","October 13, 2023"
TikTok ' Kia Challenge' Ends Tragically.DOCX,"October 27, 2022"
Milwaukee's New Mayor Seeks to Rebuild City Plagued by Shootings.DOCX,"May 16, 2022"
News Hyundai and Kia to compensate victims of the _ Kia Boyz_ with 200 million dollars.DOCX,"May 22, 2023"
"Hyundai, Kia offer $200M in theft-risk case.DOCX","May 19, 2023"
Alertan por aumento de robo de autos en EU tras tendencia en TikTok.DOCX,"August 31, 2022"
Grand theft uh-oh . . . 2023 is already the worst year for car theft in 15 years ... and we still ha.DOCX,"December 7, 2023"
Disturbing New TikTok Challenge Responsible For Death Of 4 Bufallo Teens_.DOCX,"October 27, 2022"
"Four young people, including a 14-year-old mother, are killed when they crash a car for doing the _.DOCX","October 27, 2022"
Why antivirus cannot protect your car.DOCX,"June 6, 2023"
Undercover cop car grab eyed as Kia 'challenge'.DOCX,"January 25, 2023"
Kia and Hyundai vehicles across America are being stolen in seconds.DOCX,"August 27, 2022"
Car thefts are on the rise in Dallas.DOCX,"September 13, 2022"
"Hyundai , Kia thefts too easy, AG says.DOCX","March 8, 2023"
"Kia , Hyundai 'Deliberately' Built Cars Without Anti-Theft Devices_ Lawsuit.DOCX","September 23, 2022"
"Old Guard Still Thinks We Should Reward China, The Biden Administration Is Used To This Humiliation;.DOCX","February 3, 2023"
Kia and Hyundai agree to $200 million settlement on car-theft flaws.DOCX,"May 22, 2023"
"Kia, Hyundai Skimped On Anti-Theft For Profit, Suit Says.DOCX","February 21, 2023"
Buffalo Car Crash_ 4 Teens Who Attempted TikTok ' Kia Challenge' Include Young Mom.DOCX,"October 28, 2022"
Senior’s vehicle damaged in apparent TikTok challenge(2).DOCX,"November 16, 2023"
MUPD sees decline in car thefts on campus.DOCX,"October 3, 2023"
Viejo reto de TikTok pone en riesgo a dueños de autos KIA y Hyundai.DOCX,"September 22, 2023"
"Does TikTok encourage risky, harmful behaviour in its young users_.DOCX","March 11, 2023"
Michigan Insurers Must Cover Cars Despite TikTok Theft Trend.DOCX,"March 7, 2023"
4 teenagers die after performing Tiktok challenge_ Youngsters crashed while driving a stolen car.DOCX,"October 31, 2022"
TikTok challenge possibly linked to teens' deadly car crash(4).DOCX,"October 25, 2022"
Atlanta Police say youths are driving the spike of Hyundai and Kia car thefts.DOCX,"April 7, 2023"
_ Kia Boys_ Come to Campus_ Viral Trend Leads to Increase in Car Theft.DOCX,"November 28, 2023"
Hyundai owners can get free fix to help deter car thieves.DOCX,"November 6, 2023"
Hyundai corrects vulnerability in vehicles.DOCX,"February 18, 2023"
Insurers Leery of Hyundais and Kias Famous on Social Media for Being Easy to Steal(2).DOCX,"February 1, 2023"
"Casi 4,000 clientes de Hyundai y Kia quisieran demandar a los fabricantes de sus autos_ qué pasó.DOCX","February 20, 2023"
TikTok challenge that teaches how to start Kia cars with a USB cable triggers thefts in the U.S.DOCX,"August 28, 2022"
Hyundai Motor America and Kia America Resolve Consumer Litigation in Response to Vehicle Thefts.DOCX,"May 18, 2023"
"Akon Preps Partnership With TikTok, Afrobeat's Movement And The Rebirth Of Konvict Muzik.DOCX","October 30, 2022"
Dude Where's My Car_ - THE BUZZ.DOCX,"September 20, 2023"
"Rapist Dies After Headbutting Glass Panel, Leaves Female Victim In Shock In Salvador, Brazil.DOCX","December 27, 2022"
It's Official_ The ' Kia Challenge' Inflated The GOP 'Crimenado'.DOCX,"March 14, 2023"
"Class-action lawsuit against Kia , Hyundai reaches $200M settlement.DOCX","May 19, 2023"
"SUVs nuevos que puedes adquirir por menos de $30,000 dólares.DOCX","September 25, 2022"
World &amp; nation in 60 seconds.DOCX,"October 26, 2022"
"'It's happening everywhere'_ How social media contributed to a spike in Kia , Hyundai thefts.DOCX","September 17, 2022"
Kia planea ensamblar autos eléctricos en EE.UU. para cumplir con el crédito fiscal de Biden.DOCX,"September 30, 2022"
TikTok challenge possibly linked to teens' deadly car crash(3).DOCX,"October 25, 2022"
"FBI data_ Violent crime down in Ohio , but vehicle thefts continue to surge.DOCX","October 24, 2023"
"Columbus Sues Kia, Hyundai Over Auto Thefts.DOCX","February 16, 2023"
Eagles' C.J. Gardner-Johnson Mocked After Car Stolen_ 'Why He Got a Kia_'.DOCX,"January 25, 2023"
Michigan Street 'smoothie mom' makes a difference daily.DOCX,"May 25, 2023"
Kia & Hyundai Settle Agree to Pay Customers' TikTok Theft Losses.DOCX,"May 19, 2023"
"Gottheimer, DHS, NJ Law Enforcement Convene Auto Theft and Port Security Roundtable -- Update on DHS.DOCX","April 5, 2023"
Brooklyn Park gives away steering-wheel locks.DOCX,"March 1, 2023"
Here’s a look at CT crime trends in 2023 and what made a glaring exception.DOCX,"December 26, 2023"
Reto de TikTok que enseña cómo arrancar autos Kia con un cable USB dispara robos en USA.DOCX,"August 29, 2022"
"Hyundai, Kia offer $200M in theft-risk case(2).DOCX","May 19, 2023"
TikTok challenge possibly linked to teens' deadly car crash.DOCX,"October 25, 2022"
Car Thefts Are Spiking New Report Shows Full-Size Pickup Trucks Are At Highest Risk.DOCX,"July 28, 2023"
Four youths killed in crash_ investigation into whether they attempted a dangerous TikTok challenge.DOCX,"October 26, 2022"
Michigan Regulator Tells Auto Insurers Kia and Hyundai Theft Rates Can't Limit Coverage.DOCX,"March 8, 2023"
"Thieves stole their Kias multiple times, now their insurance companies are dropping them.DOCX","January 5, 2023"
Summerland senior's vehicle vandalized in apparent TikTok challenge(2).DOCX,"November 12, 2023"
KIA AND HYUNDAI MANUFACTURED VEHICLE THEFTS NR23234TI.DOCX,"August 9, 2023"
TikTok trend leads to uptick in car thefts.DOCX,"December 7, 2022"
"GM , Hyundai and Kia challenge price cuts on plug-in vehicles.DOCX","February 11, 2023"
"A Tesla co-founder returns, TuSimple restructures again and Uber's stickiness strategy.DOCX","May 21, 2023"
Reports of violent crime in Columbus dropped in '22.DOCX,"January 12, 2023"
Students respond to rise in city auto crimes.DOCX,"May 2, 2023"
"TikTok ' Kia Challenge' fuels St. Pete spike in Kia and Hyundai auto thefts Since July 11, 23 of the.DOCX","July 27, 2022"
Hyundai hit.DOCX,"October 18, 2022"
TikTok challenge could be behind surge in theft of Kia and Hyundai vehicles.DOCX,"April 8, 2023"
"CURBING CAR THIEVES Adams, NYPD in fast & furious push to stop surge fueled by joyriders.DOCX","September 7, 2023"
O desafio viral do TikTok que aumentou o roubo de carros nos EUA.DOCX,"September 1, 2022"
Hyundai And Kia Settle TikTok Car Theft Challenge For $200 Million.DOCX,"May 19, 2023"
Hyundai and Kia to compensate vehicle owners harmed by car theft challenge that went viral on TikTok.DOCX,"May 20, 2023"
"Hyundai, Kia Sued in Rash of Car Thefts.DOCX","September 21, 2022"
Insurers Leery of Hyundais and Kias Famous on Social Media for Being Easy to Steal(3).DOCX,"February 2, 2023"
El reto viral de TikTok que aumentó el robo de autos en Estados Unidos.DOCX,"September 1, 2022"
CAN MPLS. LOOK EAST TO SOLVE CAR THEFT CRISIS_.DOCX,"July 23, 2023"
Market Watchers Welcome Hyundai and Kia Software Updates Intended to Curb Social Media-Motivated The.DOCX,"February 17, 2023"
MT Magazine Cyberattacks sobre rodas_ Quão fácil é hackear um carro_.DOCX,"April 18, 2023"
"To steal today's computerized cars, thieves go high-tech.DOCX","August 14, 2023"
IT'S ENOUGH TO DRIVE U.S. CRAZY Philly feeling the impact of a TikTok trend sparking thefts of Kias.DOCX,"February 23, 2023"
Supreme Court Protects Access To Abortion Drug For Now; Abortion Pill Ruling Victory For Biden Admin.DOCX,"April 22, 2023"
Auto-Theft Inspired by Popular TikTok Challenge.DOCX,"April 28, 2023"
Noticias Hyundai y Kia compensarán con 200 millones de dólares a las víctimas de los _ Kia Boyz_.DOCX,"May 23, 2023"
Teens Are Stealing More Cars. They Learn How on Social Media.DOCX,"March 10, 2023"
"Kia , Hyundai owners have a new headache to face.DOCX","September 27, 2023"
2023 Kia Rio_ Affordable Little Cruiser Offers Good Fuel Economy & Safety Features.DOCX,"October 14, 2022"
"City on verge of banner year for vehicle thefts More than 21,000 have been recorded so far this year.DOCX","December 7, 2023"
The challenge consists of stealing cars using cell phone chargers and then fleeing at full speed.DOCX,"November 1, 2022"
Kia And Hyundai Slapped With Another Car Theft Loss Suit.DOCX,"June 2, 2023"
Does My Kia or Hyundai Have a Recall_ How To Find Out.DOCX,"July 18, 2023"
New TikTok challenge urges to steal cars and escape at high speed_ Four teenagers killed.DOCX,"October 26, 2022"
KIA AND HYUNDAI FACE NATIONAL CLASS ACTION IN ORANGE COUNTY FEDERAL COURT OVER TIKTOK CHALLENGE(2).DOCX,"October 11, 2022"
WUPD attempts to combat rising Kia thefts tied to Tik Tok trend(2).DOCX,"September 28, 2022"
"TikTok taking their rides 'Challenge' showing how to steal Kias, Hyundais spurs theft surge.DOCX","March 31, 2023"
City Of Cleveland Sues Hyundai And Kia Over Car Thefts.DOCX,"March 8, 2023"
San Francisco car thefts rise as overall crime declines.DOCX,"March 21, 2023"
Beware if you own a Kia or Hyundai _ thefts skyrocket due to a TikTok fad(2).DOCX,"September 10, 2022"
El nuevo reto de TikTok que anima a los jóvenes a robar autos y manejar peligroso.DOCX,"August 31, 2022"
62-Year-Old Man Shot Dead After Getting Released From Death Row At Funeral.DOCX,"December 21, 2022"
Insurers Leery of Hyundais and Kias Famous on Social Media for Being Easy to Steal.DOCX,"February 1, 2023"
Teenage driver charged in crash of stolen car that killed 4(6).DOCX,"November 22, 2022"
"GUNFIRE, CAR THEFT DECLINE SAFE CITY IS TRENDING IN THE RIGHT DIRECTION, ACCORDING TO BARNES CRIME _.DOCX","January 3, 2023"
"Is the U.S. banning TikTok_ After this week’s woes, the situation looks more dire.DOCX","March 16, 2023"
"Does TikTok encourage risky, harmful behaviour in its young users_(2).DOCX","March 12, 2023"
The TikTok viral challenge that increased car theft in the U.S.DOCX,"August 31, 2022"
Senior’s vehicle damaged in apparent TikTok challenge.DOCX,"November 15, 2023"
TikTock Challenge Prompts Lawsuits.DOCX,"May 14, 2023"
They lost their lives while performing a TikTok challenge.DOCX,"November 1, 2022"
West Allis man sentenced to 30 months for racist harassment.DOCX,"July 25, 2023"
Cybersecurity experts can make six-figure salaries in these 5 industries.DOCX,"November 29, 2023"
MT Magazine Cyberattacks on wheels_ How easy is it to hack a car_.DOCX,"April 17, 2023"
What Is the TikTok Kia Challenge_ Users Urged To Report Dangerous Trend.DOCX,"July 27, 2022"
Corrige Hyundai vulnerabilidad en vehículos.DOCX,"February 19, 2023"
NYC Sues Hyundai and Kia Over Constant Car Thefts.DOCX,"June 8, 2023"
How a viral TikTok trend vandalized Kia ’s brand.DOCX,"February 10, 2023"
"Hagens Berman_ Hyundai , Kia Theft Class-Action Lawsuit Reaches Settlement Valued at More Than $200.DOCX","May 18, 2023"
Three Teenagers' Ride in Stolen Car Leads to Deadly Tragedy.DOCX,"February 13, 2023"
"Kia , Hyundai thefts skip B-N.DOCX","February 08, 2023"
Fired Cop Tied To Wife's Sexcapades May Have Not Been Onboard With Scandal.DOCX,"January 12, 2023"
"Champaign police to give out steering locks for certain Kias, Hyundais on Saturday.DOCX","June 20, 2023"
Thompson Law Offices Sues Hyundai Motor America for Not Installing Industry Standard Anti-Theft Devi.DOCX,"September 19, 2023"
WUPD attempts to combat rising Kia thefts tied to Tik Tok trend.DOCX,"September 28, 2022"
Controversial Tik Tok challenge may be linked to accident that killed 4 teenagers in the U.S.DOCX,"October 29, 2022"
TikTok and other social media trends are thrusting performance crimes into the US spotlight.DOCX,"May 22, 2023"
"Auto Insurers Join Forces to Sue Hyundai , Kia for Stolen Car Losses.DOCX","May 26, 2023"
TikTok and other social media trends are thrusting performance crimes into the US spotlight(2).DOCX,"May 22, 2023"
Teenage driver charged in crash of stolen car that killed 4(4).DOCX,"November 22, 2022"
"38-Year-Old Man Found Dead, Reportedly Killed By Acid Attack, Shot In Greater Manchester.DOCX","November 29, 2022"
"ATTORNEY GENERAL RAOUL URGES KIA AND HYUNDAI TO ACT TO PROTECT VEHICLE OWNERS, PUBLIC SAFETY.DOCX","March 22, 2023"
"Kia and Hyundai Vehicles Face Class Action Investigation for Failure Include Immobilizer Device, Res.DOCX","September 15, 2022"
"BILL PROPOSES REQUIRING ANTITHEFT DEVICES IN KIA , HYUNDAI VEHICLES THAT LACK THEM.DOCX","March 6, 2023"
Cops_ Man threatens security guard while breaking into cars at Atlanta apartments.DOCX,"October 17, 2022"
"Like car prices, the annual cost of car ownership is also up.DOCX","December 14, 2023"
Charges filed against 17-year-old seen in ' Kia Boys' YouTube documentary.DOCX,"June 29, 2022"
Esto costará el Toyota Yaris Sedán 2023 en México.DOCX,"October 14, 2022"
KIA AND HYUNDAI FACE NATIONAL CLASS ACTION IN ORANGE COUNTY FEDERAL COURT OVER TIKTOK CHALLENGE.DOCX,"September 21, 2022"
COMMONWEALTH V. STEVEN L. STARRETTE.DOCX,"September 15, 2023"
"17-Year-Old Collapses, Others Injured In India Chaos After Argentina World Cup Victory.DOCX","December 21, 2022"
Kia and Hyundai to Pay $200 Million to Settle Suit Over Car Thefts.DOCX,"May 18, 2023"
Chicago sues automakers for failing to install engine immobilizers.DOCX,"August 26, 2023"
"Connecticut Launches Investigation Into Hyundai , Kia Anti-Theft Technology As Thefts Go Viral On Ti.DOCX","June 20, 2023"
It's been a hot 'KIA Boyz' summer.DOCX,"September 14, 2023"
"TikTok challenge sparks car thefts and class-action lawsuit against Kia , Hyundai(2).DOCX","August 8, 2022"
Old TikTok challenge puts KIA and Hyundai car owners at risk.DOCX,"September 21, 2023"
"The Kia Challenge has caused the death of 4 people, what is it about_.DOCX","October 30, 2022"
NYPD battles spike in Hyundai and Kia thefts.DOCX,"July 8, 2023"
Epidemic of Car Thefts Has Link to Viral Videos.DOCX,"March 12, 2023"
Kia Challenge_ Dangerous TikTok Challenge Leaves 4 People Dead.DOCX,"October 30, 2022"
Unusual recall_ two brands must review more than 8 million cars due to a viral challenge that taught.DOCX,"February 17, 2023"
Milwaukee PD's new tow policy for reckless driving coming May 1.DOCX,"April 20, 2022"
"Hyundai , Kia Release Software Updates to Stop Viral TikTok Car Thefts.DOCX","February 15, 2023"
Industry Executives_ Multiple Insurers Restrict Coverage for Kia and Hyundai Models as Social Media-.DOCX,"December 22, 2022"
Teenage driver charged in crash of stolen car that killed 4(2).DOCX,"November 22, 2022"
"TikTok Trend Leads To Increasing Kia , Hyundai Car Thefts.DOCX","September 8, 2022"
"' Kia Boyz' car thefts on the rise in Detroit Dealerships, owners deal with fallout.DOCX","November 7, 2022"
"Hot pursuit_ Milwaukee police chases now top 1,000 per year. Some prove deadly.DOCX","August 2, 2023"
How car thieves are turning to hackers to steal the latest models.DOCX,"August 18, 2023"
TikTok and other social media trends are thrusting performance crimes into the US spotlight(4).DOCX,"May 22, 2023"
"(LEAD) Hyundai , Kia OK US$200 mln settlement in U.S. car theft class-action suit.DOCX","May 19, 2023"
VIDEO_ Car theft skyrockets through viral challenge on Tik Tok.DOCX,"October 25, 2022"
A TikTok trend led to Kia and Hyundai thefts. Should the automakers be held responsible_.DOCX,"September 13, 2023"
"TikTok challenge sparks car thefts and class-action lawsuit against Kia , Hyundai.DOCX","August 8, 2022"
How car thieves are turning to hackers to steal the latest models(2).DOCX,"August 18, 2023"
"New York City sues Kia , Hyundai claiming some of its vehicles are too easy to steal.DOCX","June 7, 2023"
"Hyundai, Kia To Pay $200 Mln To Settle Car Theft Suit.DOCX","May 19, 2023"
Hyundai and Kia will pay $200 million over car thefts prompted by ' Kia Boyz' TikTok videos.DOCX,"May 19, 2023"
"DRIVERS LOCKED OUT Amid spike in thefts of Kia , Hyundai cars, police halt wheel lock program.DOCX","May 1, 2023"
"TikTok challenge targeting Kia , Hyundai vehicles leads to rise in car thefts, LAPD chief says.DOCX","September 2, 2022"
"' Kia Boys tried to kill me,' mother says in viral Facebook rant.DOCX","February 4, 2022"
Colocan en pueblo de Canadá la estatua de... ¿un Cheeto_.DOCX,"October 31, 2022"
El Kia Challenge ha provocado la muerte de 4 personas ¿de qué trata_.DOCX,"October 31, 2022"
"Genesis GV60 2023 ahora está disponible en Arizona , Nevada , Utah y Washington.DOCX","September 24, 2022"
"Hyundai, Kia To Pay $200 Mln To Settle Car Theft Suit(2).DOCX","May 19, 2023"
Teenage driver charged in crash of stolen car that killed 4(5).DOCX,"November 22, 2022"
"Market Chatter_ Hyundai Motor, Kia Seek Dismissal of Car Theft Lawsuits Across 17 US Cities.DOCX","September 14, 2023"
TikTok and other social media trends are thrusting performance crimes into the US spotlight(3).DOCX,"May 22, 2023"
Four teens killed in crash and dangerous TikTok challenge exposed.DOCX,"October 25, 2022"
TikTok theft challenge may not have hit Twin Cities.DOCX,"January 27, 2023"
"Kia , Hyundai settle class-action lawsuit over thefts for $200M. Here's what it covers.DOCX","May 19, 2023"
Insurers Warn Senate Committee of 'Staggering' Increase in Carjacking.DOCX,"March 4, 2022"
Four Buffalo Teens Killed While Attempting TikTok's _ Kia Challenge_.DOCX,"October 27, 2022"
"Digital car keys raise security concerns Smart devices are not foolproof, experts say.DOCX","June 12, 2023"
"TikTok how-tos blamed for Hyundai , Kia thefts.DOCX","July 25, 2022"
A statue of... a Cheeto is placed in a Canadian town_.DOCX,"October 30, 2022"
Cities sue Kia and Hyundai over theft-prone incidents.DOCX,"September 15, 2023"
Notícias Hyundai e Kia pagarão US$ 200 milhões em indenização às vítimas do Kia Boyz.DOCX,"May 23, 2023"
Police halt wheel lock program.DOCX,"May 1, 2023"
"LAWSUIT PLANNED AGAINST KIA , HYUNDAI MADISON CITY COUNCIL _ RASH OF STOLEN CARS.DOCX","March 8, 2023"
TikTok trend is sparking Kia and Hyundai thefts The city is seeing a surge in the stolen vehicles. M.DOCX,"February 23, 2023"
Multiple cities sue Hyundai and Kia over ignition vulnerability that started viral trend.DOCX,"August 29, 2023"
El nuevo reto de TikTok que anima a los jóvenes a robar autos.DOCX,"August 31, 2022"
"South Korean Shares Gain Despite US Inflation Rise, Unchanged Fed Rate Hike Expectations.DOCX","September 14, 2023"
Mobility-challenged B.C. senior's car trashed in apparent TikTok challenge.DOCX,"November 15, 2023"
"Thefts of Kias, Hyundais chase away auto insurers.DOCX","March 22, 2023"
"' Kia Challenge' from TikTok has sparked string of car thefts, police say.DOCX","August 1, 2023"
Kia boys with a badge_ Two STL County police officers responsible for recovering 150+ stolen Kias an.DOCX,"August 13, 2023"
Car thefts on the rise in South Central.DOCX,"February 15, 2023"
How car theft went high-tech.DOCX,"August 15, 2023"
"Lawsuits say Kias, Hyundais targeted.DOCX","September 19, 2022"
Single Mom Seeking Answer To Loneliness Ends Up In Worse Situation.DOCX,"January 10, 2023"
"AAA , Hyundai partner to end auto theft popularized by TikTok trend.DOCX","May 5, 2023"
Violent crime is up in Richmond-area counties — and down in the city.DOCX,"June 27, 2023"
TikTok video sparks a rash of Kia and Hyundai auto thefts in St. Louis area.DOCX,"August 16, 2022"
"Theft of Kias, Hyundais up significantly in Indianapolis.DOCX","July 20, 2023"
"TikTok challenge, Hyundais and Kias robbery explodes.DOCX","September 8, 2022"
Biden's DOJ Is Endangering America ; Garland Will Only Speak Through The Washington Post; The DOJ An.DOCX,"August 11, 2022"
"Police warn of rise in car thefts in Kia , Hyundai models caused by possible design flaw.DOCX","June 30, 2022"
TikTok and other social media trends are thrusting performance crimes into the US spotlight(5).DOCX,"May 22, 2023"
MLG ATTORNEYS AT LAW CALLS ON CALIFORNIA GOVERNOR TO TAKE LEGAL ACTION AGAINST KIA AND HYUNDAI.DOCX,"October 18, 2022"
Why the new UN Climate Report isn't a call to panic.DOCX,"March 21, 2023"
Teenage driver charged in crash of stolen car that killed 4(3).DOCX,"November 22, 2022"
Now cars are being stolen with USB cables_ Hyundai calls for urgent upgrade.DOCX,"February 17, 2023"
Kia Sportage es uno de los vehículos más robados en Estados Unidos_ por qué.DOCX,"October 3, 2022"
' Kia Boys'_ La tendencia que enseña a robar autos Kia y Hyundai viral en TikTok.DOCX,"September 15, 2022"
"Police ID woman, 70, killed in St. Paul hit-run.DOCX","July 19, 2022"
Industria Automotriz.Esto costará el Toyota Yaris Sedán 2023 en México.DOCX,"October 14, 2022"
"Gottheimer, DHS, NJ Law Enforcement Convene Auto Theft & Port Security Roundtable - Update on DHS Ef.DOCX","April 6, 2023"
"Kia , Hyundai thefts create legal mess 15 suits filed so far as videos give hot-wire how-to.DOCX","September 26, 2022"
Teenage driver charged in crash of stolen car that killed 4.DOCX,"November 22, 2022"
TikTok and other social media trends are thrusting performance crimes into the U.S. spotlight.DOCX,"May 23, 2023"
Halloween pranks once vexed many Ohio communities.DOCX,"October 26, 2023"
KB-3_doclist.DOCX,"Feb 04, 2022"
Gates of Vienna News Feed 8_26_2022.DOCX,"August 27, 2022"
Beware if you own a Kia or Hyundai _ thefts skyrocket due to a TikTok fad.DOCX,"September 10, 2022"
How Kia and Hyundai Responded To the Viral Theft Trend.DOCX,"July 18, 2023"
Car thefts are soaring in Richmond.DOCX,"July 24, 2023"
Hyundai offers St. Paul vehicle owners free security upgrades.DOCX,"November 9, 2023"
Kia and Hyundai Have a Really Bad TikTok Problem.DOCX,"August 30, 2022"
Senate Judiciary Committee Hearing _Federal Support for Preventing and Responding to Carjackings._ T.DOCX,"March 1, 2022"
"Kia, Hyundai OK $200M car-theft flaw settlement.DOCX","May 23, 2023"
Kia and Hyundai issue anti-theft updates in response to viral TikTok challenge that led to eight fat.DOCX,"February 15, 2023"
MT Magazine Ciberataques sobre ruedas_ ¿Qué tan fácil es hackear un auto_.DOCX,"April 18, 2023"
Hyundai and Kia launch new software after viral TikTok challenge spurs thefts.DOCX,"February 14, 2023"
Kia EV6 2022 supera en ventas al Kia Carnival para afianzar el camino de la marca hacia la electrifi.DOCX,"September 15, 2022"
"Kia , Hyundai thefts soared by 836% in Minneapolis.DOCX","March 3, 2023"
"Kia Recalls Over 70,000 SUVs Due To Sporadic Fire Hazard Again, Tells Owners To Park Away From Homes.DOCX","October 27, 2022"
It's like Draft Day at this Mpls. pre-K graduation.DOCX,"August 18, 2023"
