date,weeknum,optima_thefts,kia_boys_usa
1/2/17,886,3,0
1/9/17,887,1,0
1/16/17,888,4,0
1/23/17,889,1,0
1/30/17,890,3,0
2/6/17,891,0,0
2/13/17,892,1,0
2/20/17,893,3,0
2/27/17,894,4,0
3/6/17,895,1,0
3/13/17,896,3,0
3/20/17,897,3,0
3/27/17,898,0,0
4/3/17,899,2,0
4/10/17,900,2,0
4/17/17,901,2,0
4/24/17,902,0,0
5/1/17,903,1,0
5/8/17,904,1,0
5/15/17,905,3,0
5/22/17,906,3,0
5/29/17,907,1,0
6/5/17,908,3,0
6/12/17,909,1,0
6/19/17,910,2,0
6/26/17,911,0,0
7/3/17,912,1,0
7/10/17,913,0,0
7/17/17,914,0,0
7/24/17,915,3,0
7/31/17,916,3,0
8/7/17,917,3,0
8/14/17,918,0,0
8/21/17,919,4,0
8/28/17,920,0,0
9/4/17,921,4,0
9/11/17,922,3,0
9/18/17,923,2,0
9/25/17,924,5,0
10/2/17,925,5,0
10/9/17,926,4,0
10/16/17,927,8,0
10/23/17,928,3,0
10/30/17,929,1,0
11/6/17,930,4,0
11/13/17,931,3,0
11/20/17,932,1,0
11/27/17,933,2,0
12/4/17,934,2,0
12/11/17,935,5,0
12/18/17,936,1,0
12/25/17,937,3,0
1/1/18,938,5,0
1/8/18,939,4,0
1/15/18,940,0,0
1/22/18,941,2,0
1/29/18,942,1,0
2/5/18,943,2,0
2/12/18,944,1,0
2/19/18,945,3,0
2/26/18,946,0,0
3/5/18,947,2,0
3/12/18,948,1,0
3/19/18,949,1,0
3/26/18,950,2,0
4/2/18,951,2,0
4/9/18,952,1,0
4/16/18,953,2,0
4/23/18,954,0,0
4/30/18,955,0,0
5/7/18,956,6,0
5/14/18,957,1,0
5/21/18,958,3,0
5/28/18,959,0,0
6/4/18,960,2,0
6/11/18,961,1,0
6/18/18,962,1,0
6/25/18,963,2,0
7/2/18,964,1,0
7/9/18,965,1,0
7/16/18,966,2,0
7/23/18,967,2,0
7/30/18,968,3,0
8/6/18,969,1,0
8/13/18,970,2,0
8/20/18,971,1,0
8/27/18,972,4,0
9/3/18,973,3,0
9/10/18,974,2,0
9/17/18,975,4,0
9/24/18,976,3,0
10/1/18,977,1,0
10/8/18,978,1,0
10/15/18,979,3,0
10/22/18,980,2,0
10/29/18,981,0,0
11/5/18,982,2,0
11/12/18,983,5,0
11/19/18,984,2,0
11/26/18,985,3,0
12/3/18,986,3,0
12/10/18,987,2,0
12/17/18,988,2,0
12/24/18,989,4,0
1/1/19,990,3,0
1/7/19,991,2,0
1/14/19,992,4,0
1/21/19,993,1,0
1/28/19,994,0,0
2/4/19,995,3,0
2/11/19,996,3,0
2/18/19,997,1,0
2/25/19,998,0,0
3/4/19,999,1,0
3/11/19,1000,3,0
3/18/19,1001,1,0
3/25/19,1002,1,0
4/1/19,1003,3,0
4/8/19,1004,1,0
4/15/19,1005,3,0
4/22/19,1006,3,0
4/29/19,1007,2,0
5/6/19,1008,0,0
5/13/19,1009,3,0
5/20/19,1010,1,0
5/27/19,1011,0,0
6/3/19,1012,1,0
6/10/19,1013,1,0
6/17/19,1014,4,0
6/24/19,1015,3,0
7/1/19,1016,1,0
7/8/19,1017,0,0
7/15/19,1018,1,0
7/22/19,1019,0,0
7/29/19,1020,2,0
8/5/19,1021,2,0
8/12/19,1022,4,0
8/19/19,1023,2,0
8/26/19,1024,5,0
9/2/19,1025,2,0
9/9/19,1026,2,0
9/16/19,1027,3,0
9/23/19,1028,2,0
9/30/19,1029,2,0
10/7/19,1030,3,0
10/14/19,1031,3,0
10/21/19,1032,1,0
10/28/19,1033,1,0
11/4/19,1034,2,0
11/11/19,1035,1,0
11/18/19,1036,4,0
11/25/19,1037,3,0
12/2/19,1038,1,0
12/9/19,1039,1,0
12/16/19,1040,2,0
12/23/19,1041,2,0
1/1/20,1042,1,0
1/6/20,1043,3,0
1/13/20,1044,2,0
1/20/20,1045,0,0
1/27/20,1046,2,0
2/3/20,1047,2,0
2/10/20,1048,0,0
2/17/20,1049,1,0
2/24/20,1050,3,0
3/2/20,1051,2,0
3/9/20,1052,3,0
3/16/20,1053,1,0
3/23/20,1054,0,0
3/30/20,1055,2,0
4/6/20,1056,0,0
4/13/20,1057,0,0
4/20/20,1058,1,0
4/27/20,1059,2,0
5/4/20,1060,2,0
5/11/20,1061,6,0
5/18/20,1062,0,0
5/25/20,1063,3,0
6/1/20,1064,0,0
6/8/20,1065,2,0
6/15/20,1066,1,0
6/22/20,1067,4,0
6/29/20,1068,4,0
7/6/20,1069,2,0
7/13/20,1070,2,0
7/20/20,1071,3,0
7/27/20,1072,6,0
8/3/20,1073,3,0
8/10/20,1074,4,0
8/17/20,1075,4,0
8/24/20,1076,8,0
8/31/20,1077,8,0
9/7/20,1078,7,0
9/14/20,1079,7,0
9/21/20,1080,10,0
9/28/20,1081,7,0
10/5/20,1082,1,0
10/12/20,1083,4,0
10/19/20,1084,3,0
10/26/20,1085,4,0
11/2/20,1086,4,0
11/9/20,1087,7,0
11/16/20,1088,7,0
11/23/20,1089,5,0
11/30/20,1090,4,0
12/7/20,1091,2,0
12/14/20,1092,1,0
12/21/20,1093,4,0
1/1/21,1094,0,0
1/4/21,1095,9,0
1/11/21,1096,2,0
1/18/21,1097,10,0
1/25/21,1098,5,0
2/1/21,1099,5,0
2/8/21,1100,6,0
2/15/21,1101,24,0
2/22/21,1102,10,0
3/1/21,1103,6,0
3/8/21,1104,8,0
3/15/21,1105,7,0
3/22/21,1106,13,0
3/29/21,1107,13,0
4/5/21,1108,13,0
4/12/21,1109,14,0
4/19/21,1110,18,0
4/26/21,1111,24,0
5/3/21,1112,14,0
5/10/21,1113,18,0
5/17/21,1114,14,0
5/24/21,1115,8,0
5/31/21,1116,15,0
6/7/21,1117,14,0
6/14/21,1118,9,0
6/21/21,1119,11,3
6/28/21,1120,13,0
7/5/21,1121,17,0
7/12/21,1122,17,0
7/19/21,1123,18,0
7/26/21,1124,18,0
8/2/21,1125,17,2
8/9/21,1126,28,0
8/16/21,1127,21,0
8/23/21,1128,20,3
8/30/21,1129,16,0
9/6/21,1130,15,0
9/13/21,1131,15,0
9/20/21,1132,21,0
9/27/21,1133,18,0
10/4/21,1134,13,0
10/11/21,1135,14,0
10/18/21,1136,18,0
10/25/21,1137,23,0
11/1/21,1138,22,0
11/8/21,1139,31,3
11/15/21,1140,28,0
11/22/21,1141,24,0
11/29/21,1142,20,3
12/6/21,1143,18,0
12/13/21,1144,16,0
12/20/21,1145,31,0
1/1/22,1146,23,0
1/3/22,1147,22,0
1/10/22,1148,26,0
1/17/22,1149,17,0
1/24/22,1150,27,0
1/31/22,1151,23,2
2/7/22,1152,23,0
2/14/22,1153,16,0
2/21/22,1154,24,3
2/28/22,1155,16,0
3/7/22,1156,17,2
3/14/22,1157,17,0
3/21/22,1158,16,0
3/28/22,1159,22,2
4/4/22,1160,22,2
4/11/22,1161,24,3
4/18/22,1162,31,2
4/25/22,1163,31,2
5/2/22,1164,24,2
5/9/22,1165,29,2
5/16/22,1166,30,3
5/23/22,1167,25,3
5/30/22,1168,27,34
6/6/22,1169,22,19
6/13/22,1170,31,22
6/20/22,1171,28,33
6/27/22,1172,26,32
7/4/22,1173,23,27
7/11/22,1174,22,39
7/18/22,1175,25,48
7/25/22,1176,40,72
8/1/22,1177,31,68
8/8/22,1178,26,54
8/15/22,1179,14,46
8/22/22,1180,20,24
8/29/22,1181,26,19
9/5/22,1182,31,22
9/12/22,1183,34,30
9/19/22,1184,23,14
9/26/22,1185,20,18
10/3/22,1186,29,20
10/10/22,1187,29,22
10/17/22,1188,25,29
10/24/22,1189,20,30
10/31/22,1190,19,15
11/7/22,1191,20,15
11/14/22,1192,19,11
11/21/22,1193,15,9
11/28/22,1194,19,15
12/5/22,1195,21,12
12/12/22,1196,25,42
12/19/22,1197,10,18
1/1/23,1198,2,15
1/2/23,1199,19,13
1/9/23,1200,15,13
1/16/23,1201,20,19
1/23/23,1202,33,24
1/30/23,1203,20,25
2/6/23,1204,27,25
2/13/23,1205,34,25
2/20/23,1206,18,32
2/27/23,1207,31,28
3/6/23,1208,30,26
3/13/23,1209,19,22
3/20/23,1210,23,22
3/27/23,1211,38,17
4/3/23,1212,28,19
4/10/23,1213,32,18
4/17/23,1214,21,24
4/24/23,1215,36,18
5/1/23,1216,28,100
5/8/23,1217,28,31
5/15/23,1218,30,29
5/22/23,1219,32,49
5/29/23,1220,27,42
6/5/23,1221,21,32
6/12/23,1222,26,38
6/19/23,1223,30,33
6/26/23,1224,30,37
7/3/23,1225,27,31
7/10/23,1226,32,33
7/17/23,1227,53,33
7/24/23,1228,22,35
7/31/23,1229,24,32
8/7/23,1230,29,30
8/14/23,1231,38,27
8/21/23,1232,39,32
8/28/23,1233,19,5
9/4/23,1234,28,24
9/11/23,1235,37,23
9/18/23,1236,27,23
9/25/23,1237,32,17
10/2/23,1238,26,20
10/9/23,1239,32,24
10/16/23,1240,30,20
10/23/23,1241,21,21
10/30/23,1242,20,19
11/6/23,1243,23,26
11/13/23,1244,32,26
11/20/23,1245,28,26
11/27/23,1246,23,35
12/4/23,1247,32,29
12/11/23,1248,21,26
12/18/23,1249,23,26