,2000,2001,2002,2003,2004,2005,2006,2007,2008,2009,2010,2011,2012,2013,2014,2015,2016,2017,2018,2019,2020,2021,2022,2023,2024,2025,2026,2027,2028,2029,2030,2031,2032,2033,2034,2035,2036,2037,2038,2039,2040,2041,2042,2043,2044,2045,2046,2047,2048,2049
1976,4.60876092847676e-10,1.06873487162537e-11,1.16695900990629e-13,5.35218401167117e-16,9.08619213770515e-19,4.96640688767965e-22,7.49787315133123e-26,2.64314633492627e-30,1.81090034710012e-35,1.97436685866351e-41,2.75654124449425e-48,3.89421001986471e-56,4.3148710810608e-65,2.84856269031954e-75,8.33337814956534e-87,7.85879864433566e-100,1.69809494259771e-114,5.83234812173251e-131,2.15385428792396e-149,5.63424283321645e-170,6.6913734004617e-193,2.24719240453238e-218,1.29023651230992e-246,7.42386702724492e-278,0,0,0,0,0,0,0,0,0,0,0,0,0,0,0,0,0,0,0,0,0,0,0,0,0,0
1977,4.81488524464763e-08,2.13958041247648e-09,4.96151619263088e-11,5.41751390125515e-13,2.4847086349359e-15,4.21819205281646e-18,2.30561468953861e-21,3.48082766252831e-25,1.22705955315984e-29,8.40696007393651e-35,9.16584028418096e-41,1.27970223329695e-47,1.80785586622432e-55,2.0031444005602e-64,1.32242245377942e-74,3.86870417781953e-86,3.64838443693685e-99,7.88327000269948e-114,2.70762098396091e-130,9.99909632390864e-149,2.61565218768467e-169,3.10641660141954e-192,1.04324110675719e-217,5.9898198497197e-246,3.44647091112469e-277,0,0,0,0,0,0,0,0,0,0,0,0,0,0,0,0,0,0,0,0,0,0,0,0,0
1978,1.52198527793602e-06,1.18196994001851e-07,5.25229492148504e-09,1.21796526783765e-10,1.32990471331256e-12,6.09952421911478e-15,1.0354922192998e-17,5.65987997186253e-21,8.54482184817771e-25,3.01221614380058e-29,2.0637613545151e-34,2.25005314570181e-40,3.14144469717729e-47,4.43796929976397e-55,4.91736842453414e-64,3.24631535115057e-74,9.49699071247824e-86,8.95614436270185e-99,1.9352046204213e-113,6.64673496749006e-130,2.45460289948708e-148,6.42096769143912e-169,7.62570831388749e-192,2.56097407461449e-217,1.47039579320504e-245,8.46048204497908e-277,0,0,0,0,0,0,0,0,0,0,0,0,0,0,0,0,0,0,0,0,0,0,0,0
1979,2.30229035202466e-05,2.87828897153733e-06,2.23527197822668e-07,9.93283099838726e-09,2.30334422346494e-10,2.51503751384117e-12,1.15350611770116e-14,1.9582619346786e-17,1.07036318546583e-20,1.61594641195965e-24,5.69652586807243e-29,3.90286399789701e-34,4.25516806800456e-40,5.94091530165244e-47,8.39282631488692e-55,9.29943772157665e-64,6.13924050961933e-74,1.79601498298249e-85,1.69373330480695e-98,3.65974506940065e-113,1.25699139347802e-129,4.64200052229035e-148,1.21429561512774e-168,1.44212907038025e-191,4.84316342754124e-217,2.78072597464038e-245,1.59999656481412e-276,0,0,0,0,0,0,0,0,0,0,0,0,0,0,0,0,0,0,0,0,0,0,0
1980,0.000201689,3.7740170565264e-05,4.71821969050989e-06,3.66415754832326e-07,1.62823397033921e-08,3.77574460960741e-10,4.12276169541046e-12,1.89087868920761e-14,3.21007032676139e-17,1.7545870854532e-20,2.64893145028608e-24,9.33799934058834e-29,6.39774878282092e-34,6.97526133179213e-40,9.73861340299567e-47,1.37578953223653e-54,1.52440531866327e-63,1.00637169317265e-73,2.94410788525959e-85,2.77644319532804e-98,5.99921738902743e-113,2.06051637002304e-129,7.60937434851421e-148,1.99052754537548e-168,2.36400230950076e-191,7.93912955723045e-217,4.55829007344352e-245,2.6227857492787e-276,0,0,0,0,0,0,0,0,0,0,0,0,0,0,0,0,0,0,0,0,0,0
1981,0.001149845,0.000302036,5.65171930590204e-05,7.06569496505807e-06,5.48720094412758e-07,2.43833592346332e-08,5.65430637558234e-10,6.17397630127052e-12,2.83165535100931e-14,4.80718983706949e-17,2.6275540243237e-20,3.96686522433797e-24,1.39839726109448e-28,9.58084708378617e-34,1.04456918297252e-39,1.45839058377456e-46,2.06029176438216e-54,2.28284897510205e-63,1.50707594640608e-73,4.40890200668431e-85,4.15781841304618e-98,8.98403272429205e-113,3.0856935658115e-129,1.13952977072436e-147,2.98088291298894e-168,3.54017411466062e-191,1.18891173830451e-216,6.82619490694454e-245,3.92771114502765e-276,0,0,0,0,0,0,0,0,0,0,0,0,0,0,0,0,0,0,0,0,0
1982,0.004640257,0.001617775,0.00042495,7.95169096394256e-05,9.94108514004828e-06,7.7202217242444e-07,3.43061866314065e-08,7.95533084368296e-10,8.68648085815945e-12,3.98399974395519e-14,6.76347955735588e-17,3.69683922035314e-20,5.58118417639848e-24,1.96747613658641e-28,1.34797804100957e-33,1.46965744119343e-39,2.05188378955565e-46,2.89872913341865e-54,3.21185617771357e-63,2.12038169915795e-73,6.20310817822267e-85,5.84984591683583e-98,1.26400919732364e-112,4.34141901193426e-129,1.60326231551342e-147,4.19395558074373e-168,4.98085078091777e-191,1.6727403140012e-216,9.60412034316313e-245,5.52609631343113e-276,0,0,0,0,0,0,0,0,0,0,0,0,0,0,0,0,0,0,0,0
1983,0.01415275,0.006237163,0.002174519,0.000571194,0.000106882,1.33622264216333e-05,1.03770714415252e-06,4.61123737473025e-08,1.06930913974426e-09,1.16758605724351e-11,5.35505992479606e-14,9.09107446222297e-17,4.96907550944615e-20,7.50190201725916e-24,2.64456658864308e-28,1.8118734063344e-33,1.9754277540942e-39,2.7580224292082e-46,3.89630251326232e-54,4.31718961015979e-63,2.85009332133116e-73,8.33785596115454e-85,7.86302144798326e-98,1.69900738759625e-112,5.83548204359985e-129,2.15501162814288e-147,5.63727030627746e-168,6.69496890624849e-191,2.2483998985416e-216,1.29092980090237e-244,7.4278561271291e-276,0,0,0,0,0,0,0,0,0,0,0,0,0,0,0,0,0,0,0
1984,0.03440726,0.018371195,0.008096245,0.002822668,0.000741447,0.00013874,1.7345042778169e-05,1.34701166097566e-06,5.98568733991051e-08,1.38803311564333e-09,1.51560297446351e-11,6.95121759985062e-14,1.18008085233077e-16,6.45018461442599e-20,9.73795887759607e-24,3.43282018747023e-28,2.35193004143508e-33,2.56423426895935e-39,3.58009327998789e-46,5.05765518684885e-54,5.603994132928e-63,3.69960731246315e-73,1.08230817051789e-84,1.02067154886797e-97,2.20542257617875e-112,7.57483689346919e-129,2.79734586872994e-147,7.3175451103105e-168,8.69050698687363e-191,2.91856994426444e-216,1.67571121112075e-244,9.64184247518471e-276,0,0,0,0,0,0,0,0,0,0,0,0,0,0,0,0,0,0
1985,0.069692249,0.043450753,0.02319982,0.010224235,0.003564569,0.000936326,0.000175206,2.19039576759133e-05,1.70105584565685e-06,7.55894602460531e-08,1.75285924668253e-09,1.91395915425015e-11,8.77825313263738e-14,1.49024948362436e-16,8.14553025917231e-20,1.22974524671172e-23,4.33509153347306e-28,2.9701037203058e-33,3.23820930376173e-39,4.52107340890365e-46,6.3869929044819e-54,7.07692981064409e-63,4.67200012280664e-73,1.36677854661489e-84,1.28894155484885e-97,2.78508870712756e-112,9.56578250272902e-129,3.53259120183154e-147,9.24086498014088e-168,1.09746917120491e-190,3.68567742097603e-216,2.11614972155848e-244,1.21760731406258e-275,0,0,0,0,0,0,0,0,0,0,0,0,0,0,0,0,0
1986,0.122051159,0.086072454,0.053663256,0.028652619,0.012627301,0.004402372,0.001156397,0.000216385,2.70521820003239e-05,2.10086565223904e-06,9.33557243918122e-08,2.16484473097528e-09,2.36380895854714e-11,1.08414609315172e-13,1.84051215097201e-16,1.00600252393013e-19,1.51877997210802e-23,5.35399524080239e-28,3.66818579502216e-33,3.99930591250342e-39,5.58368960094272e-46,7.88816783903952e-54,8.74026493630355e-63,5.7700895654434e-73,1.68802106652275e-84,1.59188955920486e-97,3.43968554482336e-112,1.18140882605842e-128,4.36287823135164e-147,1.1412803338188e-167,1.35541422232693e-190,4.55194526313249e-216,2.61352164090811e-244,1.50378918514656e-275,0,0,0,0,0,0,0,0,0,0,0,0,0,0,0,0
1987,0.190608303,0.147992233,0.10436652,0.065068986,0.034742522,0.015311141,0.005338064,0.00140218,0.000262377,3.28019239495862e-05,2.54738916632373e-06,1.13197795716519e-07,2.62496652681337e-09,2.86621913488107e-11,1.31457335668442e-13,2.23169944678586e-16,1.21982094762828e-19,1.84158546399863e-23,6.49194747814219e-28,4.44783165660458e-33,4.84932891518683e-39,6.77046168201979e-46,9.5647397889992e-54,1.05979438455808e-62,6.99647958548072e-73,2.04679750597255e-84,1.93023395512247e-97,4.17076536193775e-112,1.43250856678674e-128,5.29017585141147e-147,1.38385105920972e-167,1.64349752786755e-190,5.5194276876506e-216,3.16900640786164e-244,1.82340849572863e-275,0,0,0,0,0,0,0,0,0,0,0,0,0,0,0
1988,0.272287824,0.227580793,0.17669844,0.124610602,0.077690484,0.041481565,0.018281059,0.006373494,0.001674162,0.00031327,3.91645471455823e-05,3.04150888392905e-06,1.35154889509812e-07,3.13413400546143e-09,3.4221826320354e-11,1.56956251356844e-13,2.66458450220013e-16,1.45643088149284e-19,2.1987997057198e-23,7.75119726102381e-28,5.31058217433923e-33,5.78995827242219e-39,8.083735153778e-46,1.14200222821446e-53,1.26536380007587e-62,8.353593984298e-73,2.44381694022962e-84,2.30464343657353e-97,4.97977304324655e-112,1.710373738644e-128,6.31631674591573e-147,1.65227808387645e-167,1.9622884472491e-190,6.59003679850771e-216,3.78370186627164e-244,2.17709693206944e-275,0,0,0,0,0,0,0,0,0,0,0,0,0,0
1989,0.363204772,0.320858344,0.268176503,0.20821779,0.146838558,0.091548861,0.048881019,0.021542023,0.007510393,0.001972798,0.000369151,4.61506929400178e-05,3.58405120975282e-06,1.59263728543149e-07,3.69319873867695e-09,4.03262928711133e-11,1.84954002773476e-13,3.13989130824508e-16,1.71622805059594e-19,2.59102013047845e-23,9.13385065787407e-28,6.2578802800815e-33,6.82276716676433e-39,9.52570643811256e-46,1.34571182389087e-53,1.49107855065044e-62,9.84370250680668e-73,2.87974337583711e-84,2.71574419543696e-97,5.8680616368565e-112,2.01546906520872e-128,7.44301711364306e-147,1.94701034629745e-167,2.3123201514907e-190,7.76556316662666e-216,4.45863608119292e-244,2.56544603054155e-275,0,0,0,0,0,0,0,0,0,0,0,0,0
1990,0.45989417,0.423171491,0.373833481,0.312453633,0.242595471,0.171082256,0.106663984,0.056951492,0.025098706,0.008750393,0.002298516,0.000430099,5.37703771219618e-05,4.17579396745582e-06,1.85558876802676e-07,4.30296223770929e-09,4.69843427579444e-11,2.1549072930003e-13,3.65830129540504e-16,1.99958491691061e-19,3.0188090507654e-23,1.06418899297545e-27,7.29108408147642e-33,7.94923629963843e-39,1.10984428380332e-45,1.56789481714047e-53,1.73726223550201e-62,1.1468941468665e-72,3.35520178504113e-84,3.16412561226795e-97,6.83690465057118e-112,2.34823195081323e-128,8.67189226488888e-147,2.26847039364811e-167,2.69409446861317e-190,9.04769210240529e-216,5.19477668183494e-244,2.98901255345281e-275,0,0,0,0,0,0,0,0,0,0,0,0
1991,0.559979901,0.53056437,0.488198655,0.431279059,0.360467203,0.2798742,0.19737182,0.123054636,0.065703012,0.028955529,0.010095032,0.00265172,0.000496191,6.20330678082086e-05,4.81747244860768e-06,2.14073008284965e-07,4.96418218645819e-09,5.42042491838366e-11,2.48604375461025e-13,4.22045863293806e-16,2.30685357585719e-19,3.48269803132323e-23,1.22771889459247e-27,8.41147742363233e-33,9.17076540639582e-39,1.28038986145784e-45,1.80882728955398e-53,2.004220759157e-62,1.32313303698867e-72,3.87078296604823e-84,3.65034483976754e-97,7.88750595565222e-112,2.70907588213108e-128,1.00044691833418e-146,2.61705766784759e-167,3.1080857862338e-190,1.04380167619666e-215,5.99303838657941e-244,3.44832281885175e-275,0,0,0,0,0,0,0,0,0,0,0
1992,0.662305496,0.640453793,0.606810999,0.558356969,0.493257541,0.412269417,0.320094512,0.225735835,0.140738637,0.075145096,0.033116686,0.011545775,0.003032795,0.000567498,7.09477491728882e-05,5.50978436191236e-06,2.44837126924706e-07,5.67757754142138e-09,6.19938624845937e-11,2.84330946327264e-13,4.82697456475975e-16,2.638368126247e-19,3.98319146709258e-23,1.40415257968003e-27,9.62027853064375e-33,1.04886826778906e-38,1.46439281408873e-45,2.06877121139847e-53,2.29224439048217e-62,1.51327854880348e-72,4.42704751967043e-84,4.17493055296071e-97,9.02100789004062e-112,3.09839321134337e-128,1.14421968041648e-146,2.99315119419041e-167,3.55474424465519e-190,1.19380488706446e-215,6.85428915992225e-244,3.9438762431586e-275,0,0,0,0,0,0,0,0,0,0
1993,0.766731231,0.751691337,0.726890492,0.688707211,0.633713746,0.559828392,0.467909976,0.363294994,0.256201515,0.159732956,0.085286802,0.037586169,0.013104012,0.003442106,0.000644088,8.05229743040772e-05,6.25339393803936e-06,2.77880749000225e-07,6.44383276153296e-09,7.03606563147326e-11,3.22704719344548e-13,5.47843100557606e-16,2.99444663588663e-19,4.52076955072004e-23,1.59365932549958e-27,1.0918647172772e-32,1.19042525746278e-38,1.66202968120379e-45,2.34797598286756e-53,2.60160947042412e-62,1.71751311522619e-72,5.02452914750923e-84,4.73838605955139e-97,1.02384979790762e-111,3.51655746446526e-128,1.29864545385189e-146,3.3971118112668e-167,4.03449838517666e-190,1.35492276169218e-215,7.77935531897109e-244,4.47614827938301e-275,0,0,0,0,0,0,0,0,0
1994,0.873800935,0.864272898,0.847319665,0.819363718,0.776322853,0.714333254,0.631048387,0.527436336,0.409512492,0.288794843,0.180053791,0.09613678,0.042367789,0.014771072,0.003880003,0.000726028,9.07669095651308e-05,7.04893537471349e-06,3.13232056222209e-07,7.26360135816883e-09,7.93117664102381e-11,3.63758422116611e-13,6.17538355903418e-16,3.37539279126416e-19,5.09589076311884e-23,1.79640075550369e-27,1.23076906816939e-32,1.34186823849974e-38,1.87346902014211e-45,2.64667972761717e-53,2.93257984527551e-62,1.93601092053512e-72,5.66373742004513e-84,5.34119191037136e-97,1.15410145760416e-111,3.96392527867097e-128,1.46385594279985e-146,3.82928404248325e-167,4.5477573727608e-190,1.52729271169041e-215,8.76902581921039e-244,5.0455928831022e-275,0,0,0,0,0,0,0,0
1995,0.984411084,0.978930772,0.968256386,0.949263455,0.917944036,0.869724785,0.800277015,0.706971874,0.59089392,0.458782274,0.323540692,0.201716649,0.107703309,0.047465196,0.016548228,0.004346818,0.000813379,0.000101687,7.89701575841753e-06,3.50918025564797e-07,8.13750890582589e-09,8.88540234623782e-11,4.07523383178801e-13,6.91836407734801e-16,3.78149729661062e-19,5.70899398565694e-23,2.01253158392339e-27,1.37884690518979e-32,1.50331277871634e-38,2.0988721826054e-45,2.96511038978372e-53,3.28540808219562e-62,2.16893870282584e-72,6.34516012419157e-84,5.98380811324281e-97,1.29295516457805e-111,4.44083804529511e-128,1.63997722121454e-146,4.28999768325669e-167,5.09491288102656e-190,1.71104627447739e-215,9.82405588916175e-244,5.65264460380117e-275,0,0,0,0,0,0,0
1996,1.099545211,1.096751374,1.090645654,1.078753115,1.057592723,1.022699155,0.968977157,0.891604058,0.787651,0.658326313,0.51113818,0.360462925,0.224736409,0.119994334,0.05288189,0.018436699,0.004842874,0.000906201,0.000113292,8.79821756525547e-06,3.90964540395909e-07,9.06615561914581e-09,9.89939812564047e-11,4.54029661054462e-13,7.70788285223749e-16,4.21303907144192e-19,6.36050030810753e-23,2.24220025310604e-27,1.536199930728e-32,1.67486976098241e-38,2.33839397933851e-45,3.30348667298902e-53,3.66033650964857e-62,2.41645644088073e-72,7.06926527270951e-84,6.6666760279583e-97,1.44050628592869e-111,4.94762331617781e-128,1.82713025220049e-146,4.7795691595907e-167,5.67634070572969e-190,1.90630965514099e-215,1.09451701415111e-243,6.2977203749782e-275,0,0,0,0,0,0
1997,1.220092022,1.21888044,1.215783384,1.209015001,1.195831747,1.172374788,1.133694171,1.074141647,0.988371133,0.873135901,0.729775418,0.566612745,0.399584487,0.249127376,0.133017492,0.058621238,0.020437661,0.005368478,0.001004552,0.000125588,9.75310081935819e-06,4.33396486389868e-07,1.00501185770521e-08,1.0973794095706e-10,5.0330615563888e-13,8.54443050585003e-16,4.67028628411454e-19,7.0508145890264e-23,2.48554948357869e-27,1.70292592697965e-32,1.8566457941054e-38,2.59218325379141e-45,3.66201885076169e-53,4.05759811536822e-62,2.67871794698145e-72,7.83650283846119e-84,7.39022000177007e-97,1.59684651275997e-111,5.48459601743076e-128,2.02543133624967e-146,5.29830270061408e-167,6.29240215730003e-190,2.11320419410044e-215,1.21330652582115e-243,6.98122105912088e-275,0,0,0,0,0
1998,1.346744276,1.34632879,1.344991851,1.341574359,1.334105686,1.319558427,1.293674495,1.250991789,1.185277665,1.090632909,0.963474868,0.8052816,0.625237308,0.440927478,0.274903329,0.146780141,0.064686481,0.022552243,0.005923928,0.001108488,0.000138582,1.07622049696129e-05,4.78237834923228e-07,1.10899536566327e-08,1.21091972224776e-10,5.55380705047401e-13,9.42847963491295e-16,5.15349725050009e-19,7.78032681249703e-23,2.74271675232715e-27,1.87911908362997e-32,2.04874357009333e-38,2.86038338091712e-45,4.04090947119699e-53,4.47741732713695e-62,2.95587138235819e-72,8.64730626234034e-84,8.15484879144482e-97,1.76206416745166e-111,6.05205950480443e-128,2.23499250098293e-146,5.84649135810069e-167,6.9434452716499e-190,2.33184677373726e-215,1.33884123251741e-243,7.7035327910597e-275,0,0,0,0
1999,1.479967822,1.479870148,1.479413591,1.477944496,1.474189184,1.465982231,1.449996974,1.421554411,1.374652513,1.302442539,1.198442135,1.058714503,0.884883805,0.687042109,0.484513225,0.302077564,0.16128938,0.07108075,0.024781535,0.006509509,0.001218062,0.00015228,1.18260505324637e-05,5.2551171607555e-07,1.21861972259701e-08,1.330619316998e-10,6.10280170391707e-13,1.03604862499469e-15,5.66292122064263e-19,8.54941327576118e-23,3.01383471145896e-27,2.0648702846926e-32,2.25126217688596e-38,3.1431327037959e-45,4.44035397378288e-53,4.92001069624251e-62,3.2480597083897e-72,9.50209377324323e-84,8.9609568080634e-97,1.93624447263024e-111,6.65030648750675e-128,2.4559218423111e-146,6.4244178989092e-167,7.6298058700587e-190,2.56235017434081e-215,1.47118588759477e-243,8.46502815387649e-275,0,0,0
2000,1.620027353,1.620016031,1.619909114,1.619409354,1.617801239,1.613690565,1.604706995,1.587209065,1.556075004,1.504734816,1.425691668,1.311849786,1.158899836,0.968619675,0.752056372,0.530362336,0.33066293,0.176552069,0.077807066,0.027126593,0.007125499,0.001333326,0.00016669,1.29451405387318e-05,5.75240482921471e-07,1.33393676350225e-08,1.45653479281235e-10,6.68030510442613e-13,1.13408910427868e-15,6.19879907157082e-19,9.3584376351698e-23,3.29903155692137e-27,2.26026736112959e-32,2.46429737377833e-38,3.44056491817185e-45,4.86054123264099e-53,5.38558749940118e-62,3.55542108397684e-72,1.04012695505722e-83,9.80892521332058e-97,2.11946978805269e-111,7.27961984181375e-128,2.68832382489703e-146,7.03235559095808e-167,8.35180849261724e-190,2.80482338759088e-215,1.61040306915936e-243,9.26606721453134e-275,0,0
2001,1.767051299,1.767051064,1.767038715,1.766922095,1.766376979,1.764622922,1.760139189,1.750340325,1.73125439,1.697294794,1.641295286,1.555078669,1.430905198,1.264074452,1.056525635,0.820308379,0.578494758,0.360671862,0.192574848,0.084868356,0.029588435,0.007772165,0.001454331,0.000181818,1.41199618149397e-05,6.27445768468602e-07,1.45499665359688e-08,1.58872092543974e-10,7.28656847752418e-13,1.23701205091149e-15,6.76136392086156e-19,1.02077518324909e-22,3.598431355043e-27,2.465395314575e-32,2.68794183533947e-38,3.75280941300363e-45,5.30165403762809e-53,5.87435027182879e-62,3.87808921746188e-72,1.1345224753764e-83,1.06991228904228e-96,2.31181982039371e-111,7.940273331614e-128,2.93229954824865e-146,7.6705688992955e-167,9.10976722489853e-190,3.05937189418207e-215,1.756553339468e-243,1.01069984410277e-274,0
2002,0,1.921108592,1.921108337,1.921094911,1.920968124,1.920375483,1.918468502,1.913593862,1.902940701,1.882190793,1.845270488,1.784388761,1.690655497,1.555656179,1.374280585,1.148636984,0.891825538,0.628929817,0.392116411,0.209364151,0.092267456,0.032168052,0.008449768,0.001581124,0.00019767,1.53509861238602e-05,6.82148536339896e-07,1.58184800584917e-08,1.727230795717e-10,7.92183527512669e-13,1.3448587947666e-15,7.35084167279374e-19,1.10976969194478e-22,3.91215433319956e-27,2.68033651647893e-32,2.92228536853276e-38,4.07999157360022e-45,5.76386952258086e-53,6.38649528174546e-62,4.2161936798838e-72,1.23343384387085e-83,1.16319073083171e-96,2.51337180998463e-111,8.63253224978956e-128,3.18794698357752e-146,8.33931410569485e-167,9.90398643380549e-190,3.32609791094662e-215,1.90969538681495e-243,1.09881595188121e-274
2003,0,0,2.082256731,2.082256454,2.082241902,2.082104479,2.081462126,2.079395181,2.074111643,2.062564864,2.040074393,2.000057107,1.934068445,1.832472564,1.686149113,1.48955921,1.244987973,0.966634441,0.681686267,0.425008268,0.226926221,0.100007117,0.034866401,0.009158559,0.001713754,0.000214251,1.66386711845221e-05,7.39369126099401e-07,1.71453798608462e-08,1.87211590433571e-10,8.5863417019125e-13,1.45766943538264e-15,7.96745150677925e-19,1.2028603795112e-22,4.24031713975924e-27,2.905170886204e-32,3.16741510688889e-38,4.42223305271832e-45,6.24735954829951e-53,6.92221295472993e-62,4.56986018512575e-72,1.33689783773106e-83,1.26076252945801e-96,2.72420069781585e-111,9.35665399180965e-128,3.45536118562375e-146,9.03883986276522e-167,1.0734761425647e-189,3.60510061185895e-215,2.06988615242279e-243
2004,0,0,0,2.250551352,2.250551053,2.250535325,2.250386796,2.249692525,2.247458523,2.241747953,2.229267926,2.204959704,2.161708093,2.090386017,1.980578834,1.822429055,1.60995013,1.345611866,1.044760915,0.736782322,0.45935879,0.245267121,0.108090011,0.037684414,0.009898782,0.001852265,0.000231567,1.79834615883581e-05,7.99127293962954e-07,1.8531124073908e-08,2.02342627492357e-10,9.2803171880998e-13,1.57548292222474e-15,8.61140631606192e-19,1.30007938682147e-22,4.58303307756048e-27,3.13997605098815e-32,3.42341568490812e-38,4.77965201405667e-45,6.7522910465361e-53,7.48168825486628e-62,4.93921084153793e-72,1.4449501793605e-83,1.36266137296111e-96,2.9443792755351e-111,1.01128885709211e-127,3.73463448291308e-146,9.76938769164262e-167,1.1602379037209e-189,3.89647632653749e-215
2005,0,0,0,0,2.426046556,2.426046234,2.426029279,2.425869168,2.425120759,2.422712553,2.416556678,2.403103475,2.376899728,2.33027541,2.253391727,2.135021916,1.964539813,1.735492045,1.450541011,1.126230076,0.794235694,0.495179019,0.264392747,0.116518736,0.040622998,0.010670677,0.001996702,0.000249625,1.93857896253664e-05,8.61442249510127e-07,1.99761581524941e-08,2.18121054700062e-10,1.00039848157843e-12,1.69833712706224e-15,9.28291310332592e-19,1.40145796544042e-22,4.94041231445667e-27,3.38482749019526e-32,3.69036939533218e-38,5.15236335183348e-45,7.27882633019515e-53,8.06510102845302e-62,5.32436437884512e-72,1.55762560275669e-83,1.46892001726398e-96,3.17397832071236e-111,1.09014790827346e-127,4.0258566493261e-146,1.0531192430796e-166,1.25071181687679e-189
2006,0,0,0,0,0,2.608794996,2.608794649,2.608776418,2.608604245,2.607799461,2.60520985,2.598590268,2.584123666,2.555946052,2.505809632,2.42313448,2.295848147,2.112524024,1.866222621,1.559806889,1.211066366,0.85406362,0.532479702,0.284308838,0.125295821,0.043683034,0.011474475,0.002147109,0.000268428,2.08460760318906e-05,9.26332688913182e-07,2.14809156459156e-08,2.34551606011649e-10,1.07575617048293e-12,1.82626890947977e-15,9.98217333877148e-19,1.5070265316839e-22,5.31256207388589e-27,3.63979866588024e-32,3.96835633149519e-38,5.5404788895318e-45,7.82712337410435e-53,8.67262631510336e-62,5.72543635352678e-72,1.67495791359448e-83,1.57957034283416e-96,3.41306671927178e-111,1.17226621257351e-127,4.3291150593902e-146,1.13244826422537e-166
2007,0,0,0,0,0,0,2.798847964,2.798847592,2.798828032,2.798643317,2.797779903,2.795001636,2.787899812,2.772379306,2.742148928,2.688360028,2.599661919,2.463102666,2.266423223,2.00217855,1.673440167,1.299293596,0.916282892,0.571271308,0.305020982,0.13442373,0.046865381,0.0123104,0.002303527,0.000287984,2.23647306697958e-05,9.93816825117477e-07,2.30458188978377e-08,2.51638893026854e-10,1.15412593633525e-12,1.95931417637799e-15,1.07093832853393e-18,1.61681471571848e-22,5.69958680795688e-27,3.90496114137558e-32,4.25745451661483e-38,5.94410756041122e-45,8.39733607002637e-53,9.30443463030386e-62,6.14253933535476e-72,1.79698004379707e-83,1.69464340614703e-96,3.66171157669111e-111,1.25766681832112e-127,4.64449482932439e-146
2008,0,0,0,0,0,0,0,2.996255469,2.996255071,2.996234131,2.996036388,2.995112076,2.992137854,2.984535126,2.967919932,2.935557354,2.877974631,2.783020494,2.636829485,2.426277906,2.143395607,1.791470747,1.390934983,0.980909882,0.611564045,0.32653463,0.143904864,0.050170876,0.013178673,0.002465999,0.000308296,2.39421531453237e-05,1.06391241534139e-06,2.46712796839803e-08,2.6938741195329e-10,1.23552840070848e-12,2.09750793618987e-15,1.14647342950499e-18,1.73085140630036e-22,6.10158835516244e-27,4.1803846893456e-32,4.55774002160041e-38,6.36335557198737e-45,8.98961445902168e-53,9.96069222287765e-62,6.57578307736363e-72,1.92372410126022e-83,1.81416948657829e-96,3.91997831932504e-111,1.34637219712654e-127
2009,0,0,0,0,0,0,0,0,3.201066307,3.201065882,3.201043511,3.200832251,3.199844757,3.19666723,3.188544813,3.170793878,3.136219136,3.074700312,2.973255528,2.817071545,2.592127587,2.289908698,1.913927804,1.486013177,1.047960565,0.653367872,0.348855101,0.153741567,0.053600336,0.014079509,0.002634564,0.000329369,2.55787333746841e-05,1.13663678620938e-06,2.63576997949348e-08,2.87801549970256e-10,1.31998368512419e-12,2.24088434843061e-15,1.22484130798385e-18,1.84916479166374e-22,6.51866608451884e-27,4.46613739054074e-32,4.86928707272154e-38,6.79832655635513e-45,9.60410494381257e-53,1.06415613102884e-61,7.02527467119208e-72,2.05522141529697e-83,1.93817812926057e-96,4.18793078700783e-111
2010,0,0,0,0,0,0,0,0,0,3.413328128,3.413327674,3.41330382,3.413078551,3.412025577,3.408637349,3.399976337,3.381048342,3.344180959,3.278582838,3.170411279,3.003870779,2.764010849,2.44175191,2.040839827,1.584550299,1.11745054,0.696692514,0.371987586,0.163936128,0.05715456,0.015013118,0.002809261,0.00035121,2.72748521024285e-05,1.21200685678687e-06,2.81054715703229e-08,3.06885591061264e-10,1.40751143780298e-12,2.38947676911099e-15,1.30606019597782e-18,1.97178239699562e-22,6.95091702767175e-27,4.76228572430744e-32,5.19216815028812e-38,7.24912170796212e-45,1.02409504834179e-52,1.13472002943002e-61,7.4911186894557e-72,2.19150257828828e-83,2.06669818436217e-96
2011,0,0,0,0,0,0,0,0,0,0,3.633087491,3.633087008,3.633061618,3.632821845,3.631701078,3.628094707,3.618876075,3.598729444,3.559488439,3.489666932,13.10267677,59.46921257,91.62764186,87.19426518,73.48070276,57.10213898,40.2731192,25.10917351,13.40664713,5.908353272,2.059883546,0.541081494,0.101247407,0.012657799,0.000983002,4.36814316199338e-05,1.01293753221807e-06,1.10603350847569e-08,5.07275303603982e-11,8.61181316861957e-14,4.70711686346143e-17,7.10641837226013e-21,2.50515090025992e-25,1.71635545670437e-30,1.87128758179868e-36,2.61262560040626e-43,3.69089808163701e-51,4.08959694376e-60,2.69984271918863e-70,7.8983026772796e-82
2012,0,0,0,0,0,0,0,0,0,0,0,3.860389923,3.86038941,3.860362432,3.860107658,3.85891677,3.855084768,3.845289377,3.823882281,3.78218618,14.39746069,66.69324718,105.8091752,104.8772874,93.41599268,78.14668945,60.68038174,42.79321346,26.68014547,14.24542939,6.278006726,2.188759207,0.574934007,0.107581904,0.013449729,0.001044503,4.6414340110112e-05,1.0763114986646e-06,1.17523198145693e-08,5.39012747471183e-11,9.15060726147621e-14,5.00161544474283e-17,7.55102813856273e-21,2.66188450331728e-25,1.82373843903431e-30,1.98836382060784e-36,2.7760833081831e-43,3.92181740661357e-51,4.34546067794917e-60,2.8687571255115e-70
2013,0,0,0,0,0,0,0,0,0,0,0,0,4.095279969,4.095279425,4.095250805,4.094980529,4.09371718,4.089652015,4.079260612,4.056550976,15.57908453,73.16524711,118.4704699,120.9136615,112.1790775,99.18719843,82.90937079,64.37319192,45.39706571,28.30353404,15.11220977,6.659999569,2.321936881,0.609916555,0.114127854,0.014268094,0.001108057,4.92384761962438e-05,1.14180096024234e-06,1.24674037822687e-08,5.71809623337715e-11,9.70738691439911e-14,5.30594472386091e-17,8.01047948491215e-21,2.82385005243633e-25,1.93470598753598e-30,2.10934819752272e-36,2.94499742029044e-43,4.16044508148649e-51,4.60986543480553e-60
2014,0,0,0,0,0,0,0,0,0,0,0,0,0,4.337801238,4.337800661,4.337770347,4.337484065,4.336145901,4.331839998,4.320833219,16.68359334,79.0486584,129.7677335,135.1748144,129.1336475,118.9268408,105.0708597,87.82011194,68.18542532,48.08547191,29.97966131,16.00715038,7.054402775,2.459441297,0.646035633,0.120886472,0.015113046,0.001173675,5.21543641981111e-05,1.20941807550849e-06,1.32057197479834e-08,6.05672020163267e-11,1.02822554972603e-13,5.62016120158484e-17,8.48485771152839e-21,2.99107761760619e-25,2.04927870407808e-30,2.23426317410329e-36,3.11939929676464e-43,4.406825409082e-51
2015,0,0,0,0,0,0,0,0,0,0,0,0,0,0,4.587996446,4.587995837,4.587963774,4.58766098,4.586245634,4.581691375,17.74465394,84.52974105,139.9986192,147.8494671,144.154167,136.7019814,125.7980524,111.1322292,92.8854885,72.11822466,50.85894092,31.70882487,16.93040899,7.46128582,2.601296674,0.683297603,0.127858948,0.015984735,0.00124137,5.51625177097056e-05,1.27917475429777e-06,1.39673977560238e-08,6.40605902348234e-11,1.08753142653378e-13,5.94432022287125e-17,8.97424637368062e-21,3.16359665368677e-25,2.16747676908549e-30,2.36313075242282e-36,3.29931965612294e-43
2016,0,0,0,0,0,0,0,0,0,0,0,0,0,0,0,4.84590746,4.845906816,4.84587295,4.845553135,4.844058226,18.78990055,89.78134273,149.4986966,159.2851965,157.4525872,152.3916639,144.4000899,132.8710224,117.3795738,98.10699232,76.17230116,53.71794081,33.4913143,17.8821401,7.880716787,2.747526748,0.7217087,0.13504645,0.016883305,0.001311153,5.8263440085521e-05,1.3510826689991e-06,1.4752565258013e-08,6.76617115381057e-11,1.1486662455188e-13,6.27847602926712e-17,9.47872736080079e-21,3.34143602829795e-25,2.28931996064697e-30,2.49597249590031e-36
2017,0,0,0,0,0,0,0,0,0,0,0,0,0,0,0,0,5.111575329,5.11157465,5.111538928,5.111201579,19.83972327,94.94468306,158.577501,169.8699954,169.4076659,166.2307701,160.7612857,152.3180701,140.1555773,123.8147046,103.4855271,80.34830609,56.66292707,35.32741335,18.86249519,8.312762437,2.898154795,0.761275038,0.14245012,0.017808901,0.001383035,6.14576248932929e-05,1.4251532650543e-06,1.55613472275233e-08,7.13711391095918e-11,1.2116397373904e-13,6.6226818076971e-17,9.99838097013866e-21,3.52462404778434e-25,2.41482767230447e-30
2018,0,0,0,0,0,0,0,0,0,0,0,0,0,0,0,0,0,5.385040327,5.385039611,5.385001978,20.90758208,100.1235693,167.486832,179.9597511,180.438357,178.6278702,175.1403536,169.3635629,160.4671287,147.6537998,130.4386891,109.0219162,84.64687316,59.6943462,37.21740037,19.87162288,8.757488263,3.053203648,0.802002615,0.150071082,0.018761662,0.001457026,6.47455563362573e-05,1.50139777074991e-06,1.63938662669931e-08,7.51894352576459e-11,1.27646144823633e-13,6.97698973596609e-17,1.05332859754579e-20,3.71318848143208e-25
2019,0,0,0,0,0,0,0,0,0,0,0,0,0,0,0,0,0,0,5.666341979,5.666341226,22.00119628,105.3862985,176.411125,189.8427908,190.9269347,190.031087,187.9765406,184.2910991,178.2108993,168.8495674,155.3668837,137.2524951,114.7169609,89.06862376,62.81263635,39.16154852,20.90966903,9.214958545,3.212695719,0.843897317,0.157910437,0.019741727,0.001533138,6.81277096476506e-05,1.57982720636535e-06,1.72502427076169e-08,7.91171518737132e-11,1.34314074730046e-13,7.34145102527068e-17,1.10835196912164e-20
2020,0,0,0,0,0,0,0,0,0,0,0,0,0,0,0,0,0,0,0,5.955519097,23.1241709,110.7719125,185.4713422,199.7295985,201.1819177,200.847304,199.7478452,197.5717326,193.6964488,187.3057675,177.4666688,163.2959054,144.2570637,120.5714469,93.61416795,66.01822775,41.16012605,21.97677685,9.6852364,3.376653011,0.886964924,0.165969267,0.02074923,0.00161138,7.16045514598756e-05,1.66045239273357e-06,1.81305947028192e-08,8.3154830861035e-11,1.41168683426081e-13,7.71611595998045e-17
2021,0,0,0,0,0,0,0,0,0,0,0,0,0,0,0,0,0,0,0,0,6.252609804,6.252608973,6.252565277,6.252152624,6.250223763,6.244017132,6.228151699,6.19347898,6.125944494,6.005780408,5.807629358,5.502556795,5.063176082,4.472855044,3.738455441,2.902614213,2.046970564,1.276216725,0.68141507,0.300301818,0.104696984,0.027501361,0.005146067,0.000643354,4.99626760975239e-05,2.22018091193349e-06,5.14842231724212e-08,5.62159799349596e-10,2.57831051865719e-12,4.37709628669336e-15
2022,0,0,0,0,0,0,0,0,0,0,0,0,0,0,0,0,0,0,0,0,0,6.557651566,6.557650695,6.557604867,6.557172082,6.555149119,6.54863969,6.532000241,6.495635967,6.424806723,6.298780275,6.090962166,5.771006238,5.310189761,4.691069138,3.920840888,3.044222051,2.146834705,1.338478631,0.714658797,0.314952436,0.109804763,0.028843051,0.005397124,0.00067474,5.24001707179802e-05,2.32849534686716e-06,5.39959484606382e-08,5.89585501769474e-10,2.70409677571888e-12
2023,0,0,0,0,0,0,0,0,0,0,0,0,0,0,0,0,0,0,0,0,0,0,6.870681214,6.870680301,6.870632285,6.870178841,6.868059312,6.861239155,6.843805421,6.805705299,6.731495019,6.599452695,6.381714385,6.046485353,5.563671791,4.91499743,4.108002317,3.18953806,2.249313909,1.402370939,0.748773051,0.329986697,0.115046296,0.030219874,0.005654756,0.000706949,5.4901494065085e-05,2.4396461254799e-06,5.65734462947687e-08,6.17729379174522e-10