URL,video_shared_date,authour_username,author_nickname,video_description,video_hashtags,posted_location,video_music_title,like_count,comment_count,save_count,share_count
https://www.tiktok.com/@abmkeke1/video/7099544160243436846,5/19/22,abmkeke1,It’s me keke🤘🏾💪🏾,Kia boys documentary,[],,original sound - It’s me keke🤘🏾💪🏾,749,5,70,12
https://www.tiktok.com/@414.kidtakeover/video/7109123251539987758,6/14/22,414.kidtakeover,414.boystakeover,#fyp#fypdoesntwork#boostofhope#milwaukee#414,"['#fyp', '#fypdoesntwork', '#boostofhope', '#milwaukee', '#414']",,original sound - 414.boystakeover,4048,49,416,163
https://www.tiktok.com/@bbyjimboduh/video/7109132502094253358,6/14/22,bbyjimboduh,bbyjimboduh,,[],,original sound - bbyjimboduh,926,18,85,27
https://www.tiktok.com/@xxxlilbapebaby2/video/7109379942684806446,6/15/22,xxxlilbapebaby2,xxxlilbapebaby2,,[],,Free RTM - Tae Rackzz,24.6K,257,1201,271
https://www.tiktok.com/@spanish.xxx.music/video/7115258724301720874,6/30/22,spanish.xxx.music,Spanish.xxx.music,,[],,LLW - TRAPDUMMIE Nas,3278,49,375,248
https://www.tiktok.com/@unknown_siah5/video/7115617341366586670,7/1/22,unknown_siah5,👾Ⓜ️,,[],Milwaukee County,Free RTM - Tae Rackzz,6495,258,533,113
https://www.tiktok.com/@xxbanana2.0/video/7115842940035091758,7/2/22,xxbanana2.0,Xhannahc,They gettin too outta hand#columbus#stolencars,"['#columbus', '#stolencars']",,original sound - Xhannahc,505,14,47,27
https://www.tiktok.com/@datboy_tay0/video/7116386874499058990,7/3/22,datboy_tay0,Tay,Kia boys#kiaboy,['#kiaboy'],,Free RTM - Tae Rackzz,13,1,0,Share
https://www.tiktok.com/@itssamanthaj_/video/7116601489870572843,7/4/22,itssamanthaj_,samantha,🥰,[],,original sound - samantha,461.8K,6355,15K,16K
https://www.tiktok.com/@fbcswan/video/7117309954565917995,7/6/22,fbcswan,fbcswan,🫣#fyp#fypシ#fypシ゚viral#nbayoungboy#kiaboy#viralvideo,"['#fyp', '#fypシ', '#fypシ', '#nbayoungboy', '#kiaboy', '#viralvideo']",,original sound - fbcswan,51.9K,977,5161,1090
https://www.tiktok.com/@fbcswan/video/7117877853634727214,7/7/22,fbcswan,fbcswan,#fyp#fypage#nbayoungboy#vira#kiaboy#fyppppppppppppppppppppppp,"['#fyp', '#fypage', '#nbayoungboy', '#vira', '#kiaboy', '#fyppppppppppppppppppppppp']",,original sound - fbcswan,391,6,36,3
https://www.tiktok.com/@soarcelol/video/7117795100574403846,7/8/22,soarcelol,Soarce,,[],,original sound - Soarce,464,4,27,11
https://www.tiktok.com/@userqcobyl2vb9/video/7118554682645171502,7/9/22,userqcobyl2vb9,Tik Toker,Kia boys💯💯💯dummies🔫,[],,original sound - BACK ON DA GRIND,29,2,4,Share
https://www.tiktok.com/@gransonvisauls/video/7119894406726978858,7/13/22,gransonvisauls,𝑻𝒓𝒂𝒊𝒏𝑲𝒊𝒍𝒍𝒂🪖,Kia boyz PT.1,[],,original sound - 𝑻𝒓𝒂𝒊𝒏𝑲𝒊𝒍𝒍𝒂🪖,9776,140,931,104
https://www.tiktok.com/@yaeyo314/video/7122780255684775211,7/21/22,yaeyo314,NoThankYou,,[],,original sound - NoThankYou,14.2K,195,575,502
https://www.tiktok.com/@vecetv/video/7123219529181941038,7/22/22,vecetv,VcTv,(More kia boy videos on Instagram follow me at VeCeeTv),[],,original sound - VcTv,57.4K,272,3443,511
https://www.tiktok.com/@k_slay1/video/7124125860571008299,7/25/22,k_slay1,Kay,The kia boys attempted the first time but the second tome they succeeded..             they are going to be the next bobby duece duece Jr if they keep this mess up,[],,Oh No - Kreepa,120,8,17,8
https://www.tiktok.com/@tbabeee/video/7124819079919193387,7/26/22,tbabeee,Tiara Davis,Them Kia Boys/Hyundai boys do not playyyyy. Drefinitely took my shit . Its cool though#greenscreenvideo#hyundaiboys#kiaboy#robbery#fyp2022🌹,"['#greenscreenvideo', '#hyundaiboys', '#kiaboy', '#robbery', '#fyp2022']",,Cry Baby (feat. DaBaby) - Megan Thee Stallion,13.1K,454,883,1041
https://www.tiktok.com/@disjariajariadj/video/7125594263345401134,7/28/22,disjariajariadj,disjariaoakley,They caught One of the many Kia Boys and Girls. This wat i saw coming home,[],,original sound - disjariaoakley,4086,37,315,23
https://www.tiktok.com/@cricken_/video/7126776059546307886,8/1/22,cricken_,christian 𖤐,kia boysss,[],,original sound - christian 𖤐,3561,104,374,70
https://www.tiktok.com/@fyb136/video/7127788930774175019,8/3/22,fyb136,Real KIA BOYZ,,[],,original sound - Real KIA BOYZ,2042,0,274,57
https://www.tiktok.com/@yk_cas_23/video/7128212713448181038,8/4/22,yk_cas_23,Krazy krazy,,[],Houston County,original sound - Krazy krazy,551,7,41,4
https://www.tiktok.com/@tommygdocumentaries/video/7130646275862842670,8/11/22,tommygdocumentaries,Tommy G,YouTube: Tommy G,[],,original sound - Tommy G,71.2K,1075,4674,1116
https://www.tiktok.com/@dym1as/video/7130406171093126446,8/11/22,dym1as,™,🤫,[],,original sound - Certified trapper,581,15,23,7
https://www.tiktok.com/@jetsetpj/video/7131103336094256430,8/12/22,jetsetpj,Pj🌟,#fypシ#fyp#itsnotpj#michigan#detroit,"['#fypシ', '#fyp', '#itsnotpj', '#michigan', '#detroit']",,original sound - Milwaukee dance page,11.6K,165,902,101
https://www.tiktok.com/@vecetv/video/7131035460918349099,8/12/22,vecetv,VcTv,#stitchwith@tommygdoesit,['#stitchwith'],,original sound - VcTv,27.8K,529,1794,189
https://www.tiktok.com/@720tido/video/7131417020180073774,8/13/22,720tido,CureTido,Have you?#viral#fyp#trending,"['#viral', '#fyp', '#trending']",,original sound - Certified trapper,184,6,17,4
https://www.tiktok.com/@frnziturbo/video/7132642499151301934,8/16/22,frnziturbo,Frenzi,😌#ReTokforNature#fyp#fypシ#foryou#car#cars#carscene#kiaforte#kiafortegt#kia#edit#mods#carcommunity#blowthisup#kiaboy#idk,"['#ReTokforNature', '#fyp', '#fypシ', '#foryou', '#car', '#cars', '#carscene', '#kiaforte', '#kiafortegt', '#kia', '#edit', '#mods', '#carcommunity', '#blowthisup', '#kiaboy', '#idk']",,Follow my insta - ‍,993,52,98,23
https://www.tiktok.com/@theyfinnabanmebrudder/video/7132977285686119723,8/17/22,theyfinnabanmebrudder,spazzoutgene😮‍💨🔥,i messed up in the end lol😂#fyp#foryou#spazzoutgeneee#milwaukee,"['#fyp', '#foryou', '#spazzoutgeneee', '#milwaukee']",,carion p i like it nasty remix - 414📍,7640,56,300,40
https://www.tiktok.com/@princessmehgan/video/7133699788129799466,8/19/22,princessmehgan,Princess 👸🏾,They broke into my car today 😔😔💔🙏🏽 this so messed up#explore,['#explore'],,original sound - Princess 👸🏾,5251,128,260,226
https://www.tiktok.com/@baldnewsnetworks/video/7137744170038332715,8/30/22,baldnewsnetworks,Baldnewsnetwork,#kia#car#teen#school#fyp,"['#kia', '#car', '#teen', '#school', '#fyp']",,"Love Is Gone (feat. Dylan Matthew) (Acoustic) - SLANDER, Dylan Matthew",6168,214,465,908
https://www.tiktok.com/@jamiekennedy98/video/7142885613086313770,9/13/22,jamiekennedy98,Jamie Kennedy,Kia boys up,[],,original sound - Jamie Kennedy,63K,267,1078,608
https://www.tiktok.com/@yahboynews/video/7145128113826008326,9/19/22,yahboynews,Luke Hunter,Rob my car daddy#comedy#news#challenge#cars#driving,"['#comedy', '#news', '#challenge', '#cars', '#driving']",,original sound - Luke Hunter,501,15,21,13
https://www.tiktok.com/@itzzzzshayy/video/7148851306847817006,9/29/22,itzzzzshayy,Shanelle🦋,They got me man🥹#stayaware#kiaawareness#prayforme#beaware#staystrong#JAIL,"['#stayaware', '#kiaawareness', '#prayforme', '#beaware', '#staystrong', '#JAIL']",,original sound - THEREALSHAWNP,4648,83,352,112
https://www.tiktok.com/@officerband0/video/7152871389580561710,10/10/22,officerband0,Jrocc Jrr,(No drugs were used in the making of this video. It is a empty Plastic bag) jeezzzzz 🤦🏾‍♂️,[],,414bigfrank Backpack - Big frank,47.8K,296,2965,592
https://www.tiktok.com/@tar.shay/video/7153707555259272494,10/12/22,tar.shay,Tarshay.J,I live in Chicago…. But yeah invest in a steering wheel lock#foryoupage#fyp#KIA,"['#foryoupage', '#fyp', '#KIA']",,original sound - Tarshay.J,1786,88,162,101
https://www.tiktok.com/@mrmonkybread/video/7157045118678175018,10/21/22,mrmonkybread,Monkybread,#stitchwith@whobigjetty#fyp#ummsir?#why#confused,"['#stitchwith', '#fyp', '#ummsir', '#why', '#confused']",,Oh No - Kreepa,124,13,12,3
https://www.tiktok.com/@nilalove1/video/7160760049772662062,10/31/22,nilalove1,Nila Love,,[],,original sound - Nila Love,55,2,5,Share
https://www.tiktok.com/@lina.bakman/video/7161609760759090478,11/3/22,lina.bakman,Lina Bakman,In case anyone was wondering I absolutely hate it here 😀#fyp#kia,"['#fyp', '#kia']",,Fix You - Coldplay,6728,216,453,246
https://www.tiktok.com/@sharajiblossom/video/7162235292856880427,11/4/22,sharajiblossom,🎀Sharaji🎀,Story time??? I was scared 😩#foryou#viral,"['#foryou', '#viral']",,Oh No - Kreepa,151,10,12,1
https://www.tiktok.com/@kicksontayyy/video/7162239785095105838,11/4/22,kicksontayyy,Kicksontayy,kia boys where y’all at i need help😩,[],,original sound - Kicksontayy,5844,124,431,14
https://www.tiktok.com/@tommygmoments/video/7162876390805703979,11/6/22,tommygmoments,tommygclips,Tommy G: Kia Boy Documentary on YouTube,[],,original sound - tommygclips,12.4K,334,1340,380
https://www.tiktok.com/@lina.bakman/video/7169327216759868718,11/23/22,lina.bakman,Lina Bakman,POV: you’re a passenger in my Kia that was recently assaulted by the KiaBoyz#fyp,['#fyp'],,original sound - Lina Bakman,326.7K,2636,9683,2771
https://www.tiktok.com/@blockstarquotes/video/7170731272111738154,11/27/22,blockstarquotes,BlockStar Quotes,Love yall man 🙁#fyp#dukeandkia#4theboys#fy,"['#fyp', '#dukeandkia', '#4theboys', '#fy']",,original sound - BlockStar Quotes,272.5K,2962,23.6K,6594
https://www.tiktok.com/@paytopotatoe/video/7177455191518727467,12/15/22,paytopotatoe,Payton,Replying to@bigolekittieslove TikTok,[],,original sound - Payton,43.7K,628,1401,852
https://www.tiktok.com/@darieldajanee/video/7177882078145514794,12/16/22,darieldajanee,darieldajanee,Actually sick af and atlanta is actually ghetto!,[],,Oh No - Kreepa,9751,265,594,710
https://www.tiktok.com/@kiaboys.official/video/7178482270079159598,12/18/22,kiaboys.official,Kia boys,Let’s play hide and seek !,[],,original sound - Kia boys,9093,121,807,81
https://www.tiktok.com/@erinelizawillis/video/7182074303821778222,12/27/22,erinelizawillis,Erin Willis,#norfolk#kiaboychallenge#norfolkpolicetook them over 2 hours to even get to where my car was recovered by a bystandard. DO BETTER NORFOLK.,"['#norfolk', '#kiaboychallenge', '#norfolkpolicetook']",Bay View,original sound - Erin Willis,59,2,4,2
https://www.tiktok.com/@hooliganbrothers/video/7182711397334224170,12/29/22,hooliganbrothers,Hooligan Brothers,KIA BOYS STOLE MY HELLCAT,[],,original sound - Hooligan Brothers,11.9K,82,677,54
https://www.tiktok.com/@ayethatszavvy/video/7185292045622218026,1/5/23,ayethatszavvy,Funny&Talented 😎,,[],,Carvie P rexx - Carvie P,922,11,91,7
https://www.tiktok.com/@onlydeidramontrice/video/7185638727849348394,1/6/23,onlydeidramontrice,MISS Mahogany 💜✨🫀,I’m still gone get to where I gotta go bookie#fyp#memphis#fakebody,"['#fyp', '#memphis', '#fakebody']",,original sound - MISS Mahogany 💜✨🫀,5504,92,380,114
https://www.tiktok.com/@amb.itious_/video/7187064421057908011,1/10/23,amb.itious_,Ally Monique,They really stole my car 😩 yall aint have to take my babys car seat tho 🙄#screammovie#stolencar#newarknj#stolenkia#kiacars,"['#screammovie', '#stolencar', '#newarknj', '#stolenkia', '#kiacars']",,BILLIE EILISH. - Armani White,405,37,45,10
https://www.tiktok.com/@techyy.07/video/7190089409415384366,1/18/23,techyy.07,Ja.scxtt • Friends,#kia#boysthis was entertaining,"['#kia', '#boysthis']",,original sound - Ja.scxtt • Friends,4091,88,493,88
https://www.tiktok.com/@techyy.07/video/7189968212270779690,1/18/23,techyy.07,Ja.scxtt • Friends,#kia,['#kia'],,original sound - Ja.scxtt • Friends,198,1,20,10
https://www.tiktok.com/@big_domo.1/video/7190893631346167083,1/21/23,big_domo.1,Big domo,#kiaboyskiagirls#tiktok#funny,"['#kiaboyskiagirls', '#tiktok', '#funny']",,original sound - Big domo,7219,109,611,87
https://www.tiktok.com/@kimoriashon/video/7192365118376693035,1/24/23,kimoriashon,KimoriaShon,Kia boys got me🤦🏽‍♀️🤬,[],,Aesthetic - Tollan Kim,565,28,40,10
https://www.tiktok.com/@miz.lorris/video/7192984484839542059,1/26/23,miz.lorris,Miz Lorris,I just got it back a week ago 🙃🙃🙃#kia#stolencar#fyp,"['#kia', '#stolencar', '#fyp']",,Flowers - Miley Cyrus,136.7K,1022,4033,399
https://www.tiktok.com/@lepro5210/video/7194443074079296814,1/30/23,lepro5210,Le Pro,#lepro#fypシ#viral#fyp,"['#lepro', '#fypシ', '#viral', '#fyp']",,original sound - Le Pro,3037,85,416,685
https://www.tiktok.com/@louievortex33/video/7198129911272426794,2/9/23,louievortex33,Louie Vortex,,[],,original sound - Lucas Wilburn,37.4K,999,4910,2155
https://www.tiktok.com/@febuxxx/video/7198302550699953454,2/9/23,febuxxx,GOODVYNE,#duetwith@lucaswilburn7#fyp,"['#duetwith', '#fyp']",,original sound - Lucas Wilburn,101,14,9,7
https://www.tiktok.com/@urbanstarlifemedia/video/7198326423604612398,2/9/23,urbanstarlifemedia,Urban Star Life Media,Kia Boys Being Chased By Milwaukee Police Who Are Known For Brutalizing And Shoting Young Black Suspects....#Justce#Unsolved#Milwaukee.,"['#Justce', '#Unsolved', '#Milwaukee']",Milwaukee Recreation · Milwaukee,original sound - Urban Star Life Media,277,17,43,65
https://www.tiktok.com/@bigflorida88/video/7198104500526255403,2/9/23,bigflorida88,Anthony x Spence,#duetwith@lucaswilburn7#bigflorida#foryou,"['#duetwith', '#bigflorida', '#foryou']",,original sound - Lucas Wilburn,1993,244,108,369
https://www.tiktok.com/@gonzalez.4.7.3/video/7198435264027561258,2/10/23,gonzalez.4.7.3,𝕸𝖗𝖘.𝕸𝖆𝖗𝖇𝖔𝖚.,Oh no 🤣🤣🤣,[],,original sound - 𝕸𝖗𝖘.𝕸𝖆𝖗𝖇𝖔𝖚.,224.4K,1286,17.8K,11.5K
https://www.tiktok.com/@time_with_toby2000/video/7198338966498577706,2/10/23,time_with_toby2000,Elite Eli🏈🏈🏈,dumb  cops,[],,original sound - Elite Eli🏈🏈🏈,156,4,20,5
https://www.tiktok.com/@ndemarc_/video/7198773488394456363,2/11/23,ndemarc_,nodripmarc,boy we ball on hof😈🏆🔥#fyp#viral#nodripmarcback#ndedagang#nckiaboyz,"['#fyp', '#viral', '#nodripmarcback', '#ndedagang', '#nckiaboyz']",,Zap Zone - BabyTron & Certified Trapper,37K,186,3055,215
https://www.tiktok.com/@unitedtelevision/video/7199477412017524010,2/12/23,unitedtelevision,UNITED UNITY NETWORK CHANNEL,kia boys gona get caught,[],,TOKIO DRIFT - Jeymi,6363,28,629,24
https://www.tiktok.com/@thenewrealstlnews/video/7200801652566445358,2/16/23,thenewrealstlnews,thenewrealstlnews,That would be his last time#NextLevelDish#stlouis#rstlns#kiaboyz314#screammovie,"['#NextLevelDish', '#stlouis', '#rstlns', '#kiaboyz314', '#screammovie']",,Savage Mode - 21 Savage & Metro Boomin,504,35,14,25
https://www.tiktok.com/@dijaymaestro/video/7201691817018936619,2/18/23,dijaymaestro,dijaymaestro,Looks like they got one… “KIA BOY”,[],,original sound - dijaymaestro,39,6,4,3
https://www.tiktok.com/@nojumper/video/7203885484299259179,2/24/23,nojumper,No Jumper Podcast,A woman caught a kia boy red-handed trying to jack her car 😳,[],,original sound - No Jumper Podcast,195K,2205,11.6K,4139
https://www.tiktok.com/@flipflop.s2k/video/7205633989686709550,3/1/23,flipflop.s2k,flipflop.s2k,kia boys down,[],,Oh my god what is that - Funny memes,63,0,1,Share
https://www.tiktok.com/@lumecarr/video/7210818750826794283,3/15/23,lumecarr,lumecar,Replying to@rg6414#screammovie,['#screammovie'],,Trap Money so Big (Remix) - Iqbal12,1600,38,181,7
https://www.tiktok.com/@gaby.thecreator/video/7211613420955733291,3/17/23,gaby.thecreator,Mrs.Wolfhaley🧚🏾,kia boys almost got me and i had to do the repair myself🥲#cars,['#cars'],,original sound - Mrs.Wolfhaley🧚🏾,1278,78,130,23
https://www.tiktok.com/@shotbykdot/video/7213621831302024494,3/23/23,shotbykdot,🍀𝓀𝒹ℴ𝓉,#CapCutwas fun ngl#kiaboy#trapper#trending#viral#fyppppppppppppppppppppppp#fyp#royalworld😈#blowthisup#gtaviral,"['#CapCutwas', '#kiaboy', '#trapper', '#trending', '#viral', '#fyppppppppppppppppppppppp', '#fyp', '#royalworld', '#blowthisup', '#gtaviral']",,,5255,89,774,83
https://www.tiktok.com/@bestofhitzz/video/7214081838946585899,3/24/23,bestofhitzz,Fto_xd33,No sir 🖕🏻#kia#fyp,"['#kia', '#fyp']",,original sound - Tired,12.8K,707,738,38
https://www.tiktok.com/@ttnsani/video/7214262378467298602,3/24/23,ttnsani,kqsanii,FCK THEM KIA BOYS,[],,original sound - Djwave4L,91.4K,715,4152,388
https://www.tiktok.com/@jameeah369/video/7214554512017640746,3/25/23,jameeah369,Jameeah3,#stopthekiaboys#stopkiachallenge,"['#stopthekiaboys', '#stopkiachallenge']",,original sound - Jameeah3,176,24,19,7
https://www.tiktok.com/@wemakefire4/video/7215367847176867114,3/27/23,wemakefire4,SM.SKOORB,,[],,original sound - SM.SKOORB,122.9K,4144,6977,2452
https://www.tiktok.com/@zahgethumpty/video/7216097219475229995,3/29/23,zahgethumpty,Just a random from Philly,,[],,original sound - (㇏(•̀ᵥᵥ•́)ノ),23.5K,339,1914,309
https://www.tiktok.com/@804_kiaboy/video/7217240961083100458,4/1/23,804_kiaboy,Southside📍,#hyundai#kiaboy,"['#hyundai', '#kiaboy']",,Kia Boyz - PhatLoww,6378,351,974,435
https://www.tiktok.com/@dooba_107/video/7218339854638255402,4/4/23,dooba_107,🖖🏽Dooba🖖🏽,,[],,KiaBoyz - xaanós,11.4K,106,732,131
https://www.tiktok.com/@its_joshiie/video/7219525587935808810,4/7/23,its_joshiie,It’s joshiie,,[],CapCut | Try this template,original sound - It’s joshiie,299,2,33,7
https://www.tiktok.com/@k1ngc013m4n/video/7219538756477504814,4/7/23,k1ngc013m4n,Why-does-Kenny-always-die!!!!?,#kiaboystrend#kia,"['#kiaboystrend', '#kia']",,original sound - Milwaukee dance page,138,22,9,11
https://www.tiktok.com/@porknpopz/video/7219482329293573419,4/7/23,porknpopz,Porknbeansss,#fox5ny#fox5news#nyc#kia#hyundai#tiktokkiachallenge#tiktok#stolen#michaellipetri#randyzelin#theft#lawsuit,"['#fox5ny', '#fox5news', '#nyc', '#kia', '#hyundai', '#tiktokkiachallenge', '#tiktok', '#stolen', '#michaellipetri', '#randyzelin', '#theft', '#lawsuit']",,original sound - Porknbeansss,310,13,58,160
https://www.tiktok.com/@varpoe/video/7220305171400625451,4/9/23,varpoe,Lipoe1,,[],,original sound - Lipoe1,660,34,203,38
https://www.tiktok.com/@jaclynrandi/video/7223758808785505579,4/19/23,jaclynrandi,jaclynrandi,The kia boys got me a second time yall ima target#stolencar#fyp#foryou#travelsonographer#travelnurse#stolencar#kia#ultrasoundtech,"['#stolencar', '#fyp', '#foryou', '#travelsonographer', '#travelnurse', '#stolencar', '#kia', '#ultrasoundtech']",,original sound - Audios 4 u 2 remake,1150,75,27,31
https://www.tiktok.com/@scuccioso/video/7224450964114246958,4/21/23,scuccioso,James Bivins,Kia boys strike again#foryoupage#fyp,"['#foryoupage', '#fyp']",,original sound - GhettoBoy Ant 🏚️,22K,1058,1929,1399
https://www.tiktok.com/@saltwrld999/video/7225648168053017862,4/24/23,saltwrld999,Jimbo slice 🍕,Kia boy tried to steal a kia with the top of engine on passenger side seat . Also they broke the window when all the doors were unlocked 😂😂#dumbcriminals#failarmy#kia#fyp#comedy#funny,"['#dumbcriminals', '#failarmy', '#kia', '#fyp', '#comedy', '#funny']",,original sound - Jimbo slice 🍕,11.5K,123,699,232
https://www.tiktok.com/@theedpodcast/video/7226503144673512746,4/26/23,theedpodcast,everyonesdifferentpodcast,Stealing 300 Cars In A Day 🤯,[],,Superhero (Heroes & Villains) - Instrumental - Metro Boomin,61.6K,258,4769,497
https://www.tiktok.com/@liltp42/video/7226832967736298794,4/27/23,liltp42,Liltp414,,[],,original sound - Liltp414,105,5,17,Share
https://www.tiktok.com/@g.abriellav/video/7226825227869621547,4/27/23,g.abriellav,g.abriellav,thank you!@kiaboys.official#fyp#foryou#foryoupage,"['#fyp', '#foryou', '#foryoupage']",San Antonio,original sound - g.abriellav,4553,28,74,22
https://www.tiktok.com/@caitlinjohnson/video/7228728168423738666,5/2/23,caitlinjohnson,CaiteJean,My city has been voted the most dangerous city to live in. so here’s what happened today in Rochester NY#rochesternyi hope everyone is safe and ok and that others find peace i mean no harm to anyone involved in anything i mentioned. Im truly just over the “kia boys” bs,['#rochesternyi'],Rochester,original sound - CaiteJean,16.2K,802,1379,650
https://www.tiktok.com/@postmanayego/video/7228968907065789738,5/3/23,postmanayego,Deiago Rankin373,Wow cant live in peace!#woow#wild#smh#crazy,"['#woow', '#wild', '#smh', '#crazy']",,original sound - Deiago Rankin373,1714,82,138,75
https://www.tiktok.com/@pdsbiz/video/7229856618647784747,5/6/23,pdsbiz,PDS Business,"If you’re in the market for a Kia or Hyundai, you may be out of luck getting insurance.#BusinessSo insurance companies are taking matters into their own hands. All-State, Progressive, and State Farm have all reportedly confirmed that they are not granting new policies for certain Kia and Hyundai models due to their high theft risk.  And most states don’t allow you to drive without auto insurance. However, this hasn’t stopped used car dealerships from selling these models.  Leading to situations like one woman buying a Kia from a dealership who didn’t know until several weeks later that her All-State policy wouldn’t cover it.  And when she tried to sell the car back to the dealership, their offer would have put her at a $7,000 loss. And Hyundai announced that they are working with AAA-affiliated insurance companies to offer plans to drivers impacted by the vulnerability. Even state governments have taken notice of the insurance stall on Kia and Hyundai. With the Maryland Insurance Administration recently telling insurance companies that they have to offer coverage in line with their rates filed with the state or else companies could be in violation of the law.#Kia#Hyundai#StateFarm","['#BusinessSo', '#Kia', '#Hyundai', '#StateFarm']",,original sound - PDS Business,108.3K,1667,5855,4392
https://www.tiktok.com/@b58_si/video/7231643633634594091,5/10/23,b58_si,Jesiahs,🔎 where yall at?#bmw#m340#g20#xdrive#fyp#yessir#b58#slow#kia#stinger#tlx#acura#cartok#funny#triggered#trend#trending#explore#soflo#sunset,"['#bmw', '#m340', '#g20', '#xdrive', '#fyp', '#yessir', '#b58', '#slow', '#kia', '#stinger', '#tlx', '#acura', '#cartok', '#funny', '#triggered', '#trend', '#trending', '#explore', '#soflo', '#sunset']",,SHAKE SUMN - Dababy,82.5K,918,5807,407
https://www.tiktok.com/@georgekobby1/video/7234353631380671787,5/17/23,georgekobby1,Ofc sparky 👮🏽‍♂️,#humanizethebadge#copsoftiktok#system#fails#juve#kia#boys#abcxyz,"['#humanizethebadge', '#copsoftiktok', '#system', '#fails', '#juve', '#kia', '#boys', '#abcxyz']",,thought I was feeling u anisafarah - BADMAN LISA🇵🇸,35.7K,539,2246,745
https://www.tiktok.com/@kia_boyzz/video/7234377046451981614,5/17/23,kia_boyzz,Kia_boyzz,And again 😂,[],Humble,IS YA READY BOOSTED - ʳᵉᵃᵖᵉʳgravez (training arc),556,1,90,3
https://www.tiktok.com/@flashbangs/video/7234900204141579566,5/19/23,flashbangs,flashbangs,Moth#carsoftiktok#carmemes#carslander#flashbangs#cartok#kia#stolenkia#cars#car,"['#carsoftiktok', '#carmemes', '#carslander', '#flashbangs', '#cartok', '#kia', '#stolenkia', '#cars', '#car']",,original sound - 68grp,9782,171,706,118
https://www.tiktok.com/@crimenewsinthed/video/7236111066638355754,5/22/23,crimenewsinthed,CrimeInTheD,#Detroitwoman thinks#KiaChallenge to blame for her#Hyundaitheft#CrimeInTheD™,"['#Detroitwoman', '#KiaChallenge', '#Hyundaitheft', '#CrimeInTheD']",,original sound - CrimeInTheD,206,2,19,18
https://www.tiktok.com/@xoxo.shunna/video/7236547613154151723,5/23/23,xoxo.shunna,ms. pretty👩🏽‍❤️‍💋‍👩🏾!,aye man😹😹😹…#fyp#fypage#joke,"['#fyp', '#fypage', '#joke']",,original sound - S7LID,9941,149,692,196
https://www.tiktok.com/@goonvideos/video/7237979300522249477,5/27/23,goonvideos,Comedy | News | Entertainment,interview with the kia boys#VikingRise#anime#meme#music#bts#viral#capcut#zyxcba#love#jungkook#humor#greenscreen#fyp#duet#stitch#asmr#pourtoi#on#illu#usa#youtube#tiktok#relatable#edit#wow#quotes,"['#VikingRise', '#anime', '#meme', '#music', '#bts', '#viral', '#capcut', '#zyxcba', '#love', '#jungkook', '#humor', '#greenscreen', '#fyp', '#duet', '#stitch', '#asmr', '#pourtoi', '#on', '#illu', '#usa', '#youtube', '#tiktok', '#relatable', '#edit', '#wow', '#quotes']",,original sound - Comedy | News | Entertainment,567,8,74,5
https://www.tiktok.com/@idontdobrokehoes/video/7237891705029070126,5/27/23,idontdobrokehoes,ig @deedgaf2x,kia boyzzzz#fypシ#dreadhead#xyzbca#viral#trending#relatable#trend,"['#fypシ', '#dreadhead', '#xyzbca', '#viral', '#trending', '#relatable', '#trend']",,22 Bump st pt 2 - Ahmadthegreatest,77.5K,882,7330,1284
https://www.tiktok.com/@easyexplanations1/video/7238359050856025386,5/28/23,easyexplanations1,Easy explanations!,In this video i explain “Kia boys”#kia#Hyundai#fyp##fypシ##foryou##xyzbca##capcut##xyzcbaaa##viralvideo##trending##whatis?##Easyexplainations1##easyexplanations##viralll##viral##foryoupage❤️❤️f##foryoupage##funny##information##infotiktok##learnontiktok##learnwithme##informatialpurposes##infotok##learnfromme##learning##safty,"['#kia', '#Hyundai', '#fyp', '#fypシ', '#foryou', '#xyzbca', '#capcut', '#xyzcbaaa', '#viralvideo', '#trending', '#whatis', '#Easyexplainations1', '#easyexplanations', '#viralll', '#viral', '#foryoupage', '#foryoupage', '#funny', '#information', '#infotiktok', '#learnontiktok', '#learnwithme', '#informatialpurposes', '#infotok', '#learnfromme', '#learning', '#safty']",,original sound - Easy explanations!,593,0,52,61
https://www.tiktok.com/@simplyci00/video/7238707422259399979,5/29/23,simplyci00,SimplyCi,Kia / Hyundai trend ‼️ They most definitely almost stole my car with my own charger 😭 Im so over it !#tiktokchallenge#kiaboys#trending#challenge#classactionsettlement,"['#tiktokchallenge', '#kiaboys', '#trending', '#challenge', '#classactionsettlement']",,Oh No - Kreepa,51,10,15,5
https://www.tiktok.com/@speakpaidlanguage/video/7239592667498237227,6/1/23,speakpaidlanguage,paidbagz,,[],,Party at the lake challenge - Court_loww,35.8K,775,3510,692
https://www.tiktok.com/@eyedea714/video/7242346961926540590,6/8/23,eyedea714,Eyedea,,[],,original sound - Eyedea,5068,142,797,484
https://www.tiktok.com/@drivenbyelliot/video/7243501293090639146,6/11/23,drivenbyelliot,Elliot Angus,Replying to@HeartBeatKia boys wyaaa this singer build is for you#kia#stinger#buildseries#carsoftiktok,"['#kia', '#stinger', '#buildseries', '#carsoftiktok']",,Watch This (ARIZONATEARS Pluggnb Remix) - Lil Uzi Vert & sped up nightcore & ARIZONATEARS,9712,873,1701,156
https://www.tiktok.com/@drivenbyelliot/video/7243990638037912875,6/12/23,drivenbyelliot,Elliot Angus,Replying to@johnny1kbravoThe support from you guys is unreal. I’m thinking its time to give back and help out a lucky person with their build🤔 What do you guys say??#kia#forte#buildseries#carsoftiktok,"['#kia', '#forte', '#buildseries', '#carsoftiktok']",,"Solo (Sped Up Version - We gon' put it on the hood, ayy, before we put it on God) - Future",5046,527,1340,157
https://www.tiktok.com/@motionmanbrazy44/video/7245048519902514474,6/15/23,motionmanbrazy44,Brazy,🤣🤣 the kia boys back at it again,[],,Kia / Hyundai Boy Anthem - Pce Bj,364,15,61,27
https://www.tiktok.com/@sgc_von/video/7245894573371706667,6/18/23,sgc_von,SGC Von🧑🏾‍🎤,Kia Boys🤞🏽🖤,[],,original sound - ✌🏾,5535,204,482,56
https://www.tiktok.com/@therealmercedeez/video/7246205245896887598,6/18/23,therealmercedeez,MERCEDEEZ,,[],,SHAKE SUMN - DaBaby,4233,83,343,62
https://www.tiktok.com/@biran337/video/7246187827652742446,6/18/23,biran337,mina,the perfect katara theyre being so mean to her on twitter when they need to attack the guy who lied about his race to steal a poc role.#avatar#AvatarTheLastAirbender#atla#avatarliveaction#AvatarTheLastAirbenderliveaction#atlaliveaction#legendofkorra#legendofkorraliveaction#lok#lokliveaction#aang#zuko#katara#sokka#NETFLIX#TUDUM#interview#GordonCormier#dallasliu#kiawentiio#ianousley#azula#tylee#mai#ozaisangels#korra#lizzyyu#thaliatran#momonatamada#suki#kyoshiisland#kyoshi#teamazula#gaang#mariazhang#jet#sebastianamoruso#theduke#taylorlamwright#longshot#nathanielkong#smellerbee#wesvalarao#iroh#paulsunhyunglee#yvonnechapman#yue#moon#waterbender#firebender#airbender#earthbender#ambermidthunder#hahn#JoelOulette#chloe#chloebailey#halle#hallebailey#chloexhalle#disney#MyDolceMoment#viral#foryoupage#fypage#fyp>#fyp#xybca#billboard#dancing#dance#singing#sing#music#black#brown#aurora#sleepingbeauty#ariel#littlemermaid#littlemermaidliveaction#inpieces#mj#michaeljackson#janetjackson#selena#selenaquintanilla#heart#antique#featureme#someonescalling#60s#50s#70s#80s#90s#2000s#2010s#2020#disneyprincess#tiana#princessandthefrog#temu#QuakerPregrain#ReadySetLift#jennaortega#nickiminaj#comparison#y2k#harajukufashion#gyaru#heart#books#booktok#buy#stream#myariel#mermaid#jonahhaverking#prince#princeeric#princessariel#princess#jacob#awkafina#jacobtremblay#daveeddiggs#melissamccarthy#simoneashley#boxoffice#loisgriffin#familyguy#jessicaalexander#disneyworld#americanidol#ursula#liveaction#thelittlemermaid#vanessa#partofyourworld,"['#avatar', '#AvatarTheLastAirbender', '#atla', '#avatarliveaction', '#AvatarTheLastAirbenderliveaction', '#atlaliveaction', '#legendofkorra', '#legendofkorraliveaction', '#lok', '#lokliveaction', '#aang', '#zuko', '#katara', '#sokka', '#NETFLIX', '#TUDUM', '#interview', '#GordonCormier', '#dallasliu', '#kiawentiio', '#ianousley', '#azula', '#tylee', '#mai', '#ozaisangels', '#korra', '#lizzyyu', '#thaliatran', '#momonatamada', '#suki', '#kyoshiisland', '#kyoshi', '#teamazula', '#gaang', '#mariazhang', '#jet', '#sebastianamoruso', '#theduke', '#taylorlamwright', '#longshot', '#nathanielkong', '#smellerbee', '#wesvalarao', '#iroh', '#paulsunhyunglee', '#yvonnechapman', '#yue', '#moon', '#waterbender', '#firebender', '#airbender', '#earthbender', '#ambermidthunder', '#hahn', '#JoelOulette', '#chloe', '#chloebailey', '#halle', '#hallebailey', '#chloexhalle', '#disney', '#MyDolceMoment', '#viral', '#foryoupage', '#fypage', '#fyp', '#fyp', '#xybca', '#billboard', '#dancing', '#dance', '#singing', '#sing', '#music', '#black', '#brown', '#aurora', '#sleepingbeauty', '#ariel', '#littlemermaid', '#littlemermaidliveaction', '#inpieces', '#mj', '#michaeljackson', '#janetjackson', '#selena', '#selenaquintanilla', '#heart', '#antique', '#featureme', '#someonescalling', '#60s', '#50s', '#70s', '#80s', '#90s', '#2000s', '#2010s', '#2020', '#disneyprincess', '#tiana', '#princessandthefrog', '#temu', '#QuakerPregrain', '#ReadySetLift', '#jennaortega', '#nickiminaj', '#comparison', '#y2k', '#harajukufashion', '#gyaru', '#heart', '#books', '#booktok', '#buy', '#stream', '#myariel', '#mermaid', '#jonahhaverking', '#prince', '#princeeric', '#princessariel', '#princess', '#jacob', '#awkafina', '#jacobtremblay', '#daveeddiggs', '#melissamccarthy', '#simoneashley', '#boxoffice', '#loisgriffin', '#familyguy', '#jessicaalexander', '#disneyworld', '#americanidol', '#ursula', '#liveaction', '#thelittlemermaid', '#vanessa', '#partofyourworld']",,original sound - mina,10.7K,114,800,52
https://www.tiktok.com/@bigbeezz/video/7246580609982762286,6/20/23,bigbeezz,Hated Trap,Bro had da shi on em 😹💀#fyp#prank#inthehood#hoodprankgonewrong#funnypranks#hood@TikTokthis is just a skit do not take it down everthing in here is for content and funny haha ⚠️,"['#fyp', '#prank', '#inthehood', '#hoodprankgonewrong', '#funnypranks', '#hood']",,Creepy and simple horror background music(1070744) - howlingindicator,1326,20,126,21
https://www.tiktok.com/@kire_senoj/video/7247003806028909870,6/21/23,kire_senoj,Kire Senoj,Why are we so angry? These kids needs to not steal! Where are we headed?#kandidkonversationswithkire#kiresenoj#pyropowerhour#fyp#foryourepage#pullyourpantsup,"['#kandidkonversationswithkire', '#kiresenoj', '#pyropowerhour', '#fyp', '#foryourepage', '#pullyourpantsup']",,original sound - Kire Senoj,35.7K,1195,2826,570
https://www.tiktok.com/@pablocruz9638/video/7247667933877636398,6/22/23,pablocruz9638,Pablo,#kiaboychallange#fyp#foryou#foryoupage#SanAntonio#failed#slippin#eastside,"['#kiaboychallange', '#fyp', '#foryou', '#foryoupage', '#SanAntonio', '#failed', '#slippin', '#eastside']",,"ROCKSTAR - DaBaby, Roddy Ricch",1485,72,111,43
https://www.tiktok.com/@5starz_92/video/7248442988098112810,6/24/23,5starz_92,5STARZ.,#kiaboys,['#kiaboys'],,Kia Boyz - PhatLoww,156,12,21,5
https://www.tiktok.com/@unclehankbig_lowdown/video/7248965960349093166,6/26/23,unclehankbig_lowdown,Uncle Hank Big Low Down,This My Sister House (EPISODE 3 KIA BOYS),[],,,1229,20,78,8
https://www.tiktok.com/@milwaukee_kiaboyzpage/video/7249542098830101802,6/27/23,milwaukee_kiaboyzpage,Milwaukee_Kiaboyzpage,,[],,Lowend girl - Remix - Bussdown tae,9228,137,1044,168
https://www.tiktok.com/@corteztolen580/video/7249171620886007086,6/27/23,corteztolen580,Tezzy-B,"KIA Boys strikes again,big time🤦🏿",[],,Hotbox - YSN Flow,10,0,0,Share
https://www.tiktok.com/@supahddupah/video/7250143268355247402,6/29/23,supahddupah,Supah D. Dupah 🖤✨,Hyundai Kia class action Lawsuits settles outta court for 200Million!!#kia#hyundai,"['#kia', '#hyundai']",,original sound - Supah D. Dupah 🖤✨,7785,327,879,1277
https://www.tiktok.com/@goofycalebvx_/video/7250239645420653866,6/29/23,goofycalebvx_,Caleb🤪,can yall steal push starts 2#💀#tiktok#toktok#help#thief#414milwaukee#414#fypdongggggggg#makethisviral#lmao@Andre ✔,"['#tiktok', '#toktok', '#help', '#thief', '#414milwaukee', '#414', '#fypdongggggggg', '#makethisviral', '#lmao']",Milwaukee County,original sound - مال,382,78,42,7
https://www.tiktok.com/@itsthatnurseagain/video/7251685788654554411,7/3/23,itsthatnurseagain,It’s THAT Nurse Again.,"When finally start making a little coin, and need a new car bc the kia boys ripping you a new a**!!!#foryoupage#viral#nurse#blackgirltiktok#nursesoftiktok#nursesoftiktok#blackgirlnursing#lpn#lpntorn#newnurse#funnynursevideos#finenurse#struggle","['#foryoupage', '#viral', '#nurse', '#blackgirltiktok', '#nursesoftiktok', '#nursesoftiktok', '#blackgirlnursing', '#lpn', '#lpntorn', '#newnurse', '#funnynursevideos', '#finenurse', '#struggle']",,original sound - gnarlyoodles,49.3K,699,1748,766
https://www.tiktok.com/@ufdtech.uk/video/7251539383076130094,7/3/23,ufdtech.uk,UFDTech,Finally Kia Fixes the Kia Boyz Issue,[],,nhạc nền - UFDTech,101,1,15,6
https://www.tiktok.com/@g.abriellav/video/7251904218301336875,7/4/23,g.abriellav,g.abriellav,Currently waiting for the police to arrive to report my car stolen right outside my own home!! Thank you Kia Boys!#foryou#fyp,"['#foryou', '#fyp']",San Antonio,original sound - Roo,4475,44,34,21
https://www.tiktok.com/@708twin/video/7253189627484425518,7/7/23,708twin,708twin,Kia Boys Count Yall Days 🔪#chicago#fypシ゚viral#fyppppppppppppppppppppppp,"['#chicago', '#fypシ', '#fyppppppppppppppppppppppp']",,Just Wanna Rock - Lil Uzi Vert,1670,29,128,4
https://www.tiktok.com/@qsdot/video/7253629673467284778,7/8/23,qsdot,idk,"Sad to say I'm apart of the Kia boy challenge on Tiktok. It truly is sad this is even a trend 💔. Parents, watch your kids, know what they're into and who. Is it really even worth the damage or risk this causes.#KiaBoyTriedIt#KiaIgnitionparts#KiasoftwareUpdate#KiaIgnitionparts","['#KiaBoyTriedIt', '#KiaIgnitionparts', '#KiasoftwareUpdate', '#KiaIgnitionparts']",Chester County,original sound - idk,91,4,20,11
https://www.tiktok.com/@carswithmiles/video/7253798071119645994,7/9/23,carswithmiles,Miles Somerville,Don't Ignore the Red Flags!#kiaev6gt#cars#carsofinstagram#automotive#automotivephotography#supercar#supercars#hypercar#hypercars#bmw#lexus#mazda3#volkswagen#carsoftiktok#cheapcars#audi#lamborghini#porsche#mercedes#cadillac#chevy#nissan#carreviews#hellcat#carsales#usedcars#tesla,"['#kiaev6gt', '#cars', '#carsofinstagram', '#automotive', '#automotivephotography', '#supercar', '#supercars', '#hypercar', '#hypercars', '#bmw', '#lexus', '#mazda3', '#volkswagen', '#carsoftiktok', '#cheapcars', '#audi', '#lamborghini', '#porsche', '#mercedes', '#cadillac', '#chevy', '#nissan', '#carreviews', '#hellcat', '#carsales', '#usedcars', '#tesla']",,original sound - Miles Somerville,44.2K,1202,1775,347
https://www.tiktok.com/@goodiemygang/video/7254644070344117546,7/11/23,goodiemygang,Bobby Jr.,it be the kia boys#philly#phillytiktok#phillytok#pa#southphilly#kia#car#cars#cartiktok#cartok#steal#johnnys#johnny#northphilly#fyp#foryou#pa#fypシ#foryou#raudxgeez#raudtakeover#raud#meekmill#viral#phildelphia#eagles#76ers#westphilly#centercity#viral,"['#philly', '#phillytiktok', '#phillytok', '#pa', '#southphilly', '#kia', '#car', '#cars', '#cartiktok', '#cartok', '#steal', '#johnnys', '#johnny', '#northphilly', '#fyp', '#foryou', '#pa', '#fypシ', '#foryou', '#raudxgeez', '#raudtakeover', '#raud', '#meekmill', '#viral', '#phildelphia', '#eagles', '#76ers', '#westphilly', '#centercity', '#viral']",South Philadelphia,FREESTYLE PT.2 - STURDYYOUNGIN,3496,103,243,38
https://www.tiktok.com/@marzlanding/video/7254943672893033770,7/12/23,marzlanding,marzlanding,#kia#kiatheft#cartheft#kialawsuit#stlouis,"['#kia', '#kiatheft', '#cartheft', '#kialawsuit', '#stlouis']",,original sound - marzlanding,57,19,7,2
https://www.tiktok.com/@crazylivepd/video/7255740822581251374,7/14/23,crazylivepd,Live PD Nation,Yall think he catchin @kiaboys 😱#fyp#cop#backtheblue#bluelivesmatter#fypp#viral#thinblueline#foryoupage#trend#funny#crazy#scat#srt,"['#fyp', '#cop', '#backtheblue', '#bluelivesmatter', '#fypp', '#viral', '#thinblueline', '#foryoupage', '#trend', '#funny', '#crazy', '#scat', '#srt']",,original sound - Live PD Nation,29.8K,388,2862,297
https://www.tiktok.com/@elantraman1703/video/7255729803129523502,7/14/23,elantraman1703,ElantraMan,Too real#kiahyundaichallenge#kiaboys#kia#hyundai#stopstealingcars#hyundaielantra#kdm#hoodmemes#kiaboyz#trending#carsoftiktok#hyundaichallange#kiachallenge#foryoupage#hyundaioftiktok,"['#kiahyundaichallenge', '#kiaboys', '#kia', '#hyundai', '#stopstealingcars', '#hyundaielantra', '#kdm', '#hoodmemes', '#kiaboyz', '#trending', '#carsoftiktok', '#hyundaichallange', '#kiachallenge', '#foryoupage', '#hyundaioftiktok']",,original sound - Kelly,10.4K,295,584,591
https://www.tiktok.com/@karmamilannn/video/7255822077763079466,7/14/23,karmamilannn,Amari🩷,Kia boys strike again !#Atlanta#Capcut#fypgotta get a new whip now!#victimofthekiaboyschallengemy lil blueberry ain deserve this !,"['#Atlanta', '#Capcut', '#fypgotta', '#victimofthekiaboyschallengemy']",Atlanta,original sound - Amari🩷,63,10,11,3
https://www.tiktok.com/@bebesitalecii/video/7256135458235764010,7/15/23,bebesitalecii,Bebesita Lecii,Why he look like a KIA BOY 😫😫😫#bebesitalecii#fyp,"['#bebesitalecii', '#fyp']",,original sound - Bebesita Lecii,3378,108,104,14
https://www.tiktok.com/@lavishhan/video/7256808422723800366,7/17/23,lavishhan,lavishhan,you laid your heads down in bed last night knowing you’re unsuccessful aspiring criminals :/ as a man lets do better k? major ick,[],,Law and Order - The Hollywood Prime Time Orchestra,530,22,27,3
https://www.tiktok.com/@piecesofmykel/video/7258041120268078379,7/20/23,piecesofmykel,Mykel,@TizzyEntI don't know when my car will come back from being repaired.This tiktok 'Kia Boys' trend is out of hand.I am out close to $500 in business equipment for www.flowandflair.com and borrowing my mom's car. I am 52.BART Police won't let me see footage!#autothefttaskforce#autotheft#autotheftprevention,"['#autothefttaskforce', '#autotheft', '#autotheftprevention']",,original sound - Mykel,36,20,5,10
https://www.tiktok.com/@olivia.ohno/video/7257697324846026027,7/20/23,olivia.ohno,Olivia,Like my status if u think the kia boys r loosers too,[],,original sound - Olivia,2604,134,51,30
https://www.tiktok.com/@baby_trey65/video/7257835823813381419,7/20/23,baby_trey65,BABY_TREY💥,,[],Bronx · Hackney,YAK (Kia boy anthem) - Lul trell,91.1K,955,12.8K,1634
https://www.tiktok.com/@tootallchant/video/7258063440936242474,7/21/23,tootallchant,Too Tall Chant,Lets just pray the KiaBoys dont take the Challenger..#conclave#airbnb#nupetok,"['#conclave', '#airbnb', '#nupetok']",,original sound - Too Tall Chant,126.8K,1861,5488,5244
https://www.tiktok.com/@tubscoot/video/7258491728624160042,7/21/23,tubscoot,Whitewashed wagon👷🏾,Kia eater#isthatgood#kiaeater#ope#blownup#intubscootswetrust#foryoupage#theboys#trucktok#stancenation,"['#isthatgood', '#kiaeater', '#ope', '#blownup', '#intubscootswetrust', '#foryoupage', '#theboys', '#trucktok', '#stancenation']",Iowa City,original sound - Jordan Hicks,4712,22,238,9
https://www.tiktok.com/@brilaxoxo/video/7259350893764676906,7/24/23,brilaxoxo,WegoodBri,She said KIA BOYS AINT FINNA GET ME 😂😂😂😂#fyp,['#fyp'],,original sound - WegoodBri,87.3K,827,5090,1925
https://www.tiktok.com/@yupthtzdrama2x/video/7259565628837661994,7/25/23,yupthtzdrama2x,Bangoutfamily2x,Bro didnt have no faith in his self 🤣🤣🤣#fypage#fypp#fypシ゚viral#fyyyyyyyyyyyyyyyy#fyy#funnytiktok#viral#funnyvideos#funny#lol#funnymoments#fyyyyy#share,"['#fypage', '#fypp', '#fypシ', '#fyyyyyyyyyyyyyyyy', '#fyy', '#funnytiktok', '#viral', '#funnyvideos', '#funny', '#lol', '#funnymoments', '#fyyyyy', '#share']",,No Bars - City Girls & JT,6460,71,598,62
https://www.tiktok.com/@viccgotti/video/7260560439715663146,7/27/23,viccgotti,Viccgotti,Yall plz keep yall items out of your car. They search throygh cars to find stuff like that ..#viccgotti,['#viccgotti'],,original sound - Viccgotti,1296,22,105,3
https://www.tiktok.com/@414kiaboyz/video/7261057735494536490,7/29/23,414kiaboyz,kiaboyz,two Sportage,[],,Naz Turnt Okkkkk - NazTurnt,1047,41,109,21
https://www.tiktok.com/@mikalewis549/video/7262081134295780654,7/31/23,mikalewis549,Meek,#fyp#foryoupage#kiaboys904,"['#fyp', '#foryoupage', '#kiaboys904']",,original sound - Meek,1801,42,203,17
https://www.tiktok.com/@dcherbo14/video/7262131128335633706,7/31/23,dcherbo14,Dc Herbo,Kia boyzzzzz,[],,kia boys wya - Lilqua 50,471,14,55,9
https://www.tiktok.com/@414kiaboyz/video/7261974613096221995,7/31/23,414kiaboyz,kiaboyz,better keep those doors lock cs we coming 😌😈,[],,YAK (Kia boy anthem) - Lul trell,975,18,118,39
https://www.tiktok.com/@major_payne39/video/7262494134202649898,8/1/23,major_payne39,MajorPayne39,Came into work and found a Hyundai with the ipone Charger hanging out#hyundaiaccent#usb#iphonetricks#stolen#street#racing#omg,"['#hyundaiaccent', '#usb', '#iphonetricks', '#stolen', '#street', '#racing', '#omg']",,This Is How We Do It - Montell Jordan,1302,32,185,497
https://www.tiktok.com/@cantycars/video/7263071394773191979,8/3/23,cantycars,Dealer Killer,Replying to@waynebeckinsale70children is the answer 😅#DealerKiller#cc#CantyCars#Brakes#atlroadsideassistance#AutoRepair#roadside#roadsideatl#BESTMECHANIC#MobileMechanic#AtlMobileMechanic#AtlantaMobileMechanic#DecaturMechanic#StoneMountainMechanic#LithoniaMechanic#JonesboroMechanic#BuckheadMechanic#CollegeParkMechanic#LithiaSpringsMechanic#ConyersMechanic#TuckerMechanic#Mechanic#viral#atlanta#atl#foryou#foryourpage#fyp#fouyoupage#f#v#u,"['#DealerKiller', '#cc', '#CantyCars', '#Brakes', '#atlroadsideassistance', '#AutoRepair', '#roadside', '#roadsideatl', '#BESTMECHANIC', '#MobileMechanic', '#AtlMobileMechanic', '#AtlantaMobileMechanic', '#DecaturMechanic', '#StoneMountainMechanic', '#LithoniaMechanic', '#JonesboroMechanic', '#BuckheadMechanic', '#CollegeParkMechanic', '#LithiaSpringsMechanic', '#ConyersMechanic', '#TuckerMechanic', '#Mechanic', '#viral', '#atlanta', '#atl', '#foryou', '#foryourpage', '#fyp', '#fouyoupage', '#f', '#v', '#u']",,original sound - Dealer Killer,2207,59,194,43
https://www.tiktok.com/@mindblowingreels/video/7263543365155769642,8/4/23,mindblowingreels,Mind Blowing Reels,Goad he show me#waitforit#lifehack#cars#kia,"['#waitforit', '#lifehack', '#cars', '#kia']",,This Is How We Do It - Montell Jordan,3625,242,375,57
https://www.tiktok.com/@futurebombs/video/7264048012840701227,8/5/23,futurebombs,Futurebombs 🤖,Kia boys challenge was last year bro 🤦‍♂️,[],,original sound - Futurebombs 🤖,13.2K,152,991,78
https://www.tiktok.com/@716kiaboyzz/video/7263891433432665386,8/5/23,716kiaboyzz,716KiaBoyzz,#716kiaboyz#buffalo#kia#explore#fpolice#fypシ#@,"['#716kiaboyz', '#buffalo', '#kia', '#explore', '#fpolice', '#fypシ']",,Ybc nas (demon) - 414bigfrank,3033,92,273,32
https://www.tiktok.com/@fortytv_1/video/7264341032945388842,8/6/23,fortytv_1,60second Of Fun,Them kia boyz 🤣🤣🤣#funnyvideos#funnymoments,"['#funnyvideos', '#funnymoments']",,original sound - 60second Of Fun,8780,166,1081,93
https://www.tiktok.com/@theblackcarguru/video/7264187345782590763,8/6/23,theblackcarguru,Theblackcarguru,Kia boys? Im on yall ass!🤌🏾‼️#hyundai#dodge#genisis#kia,"['#hyundai', '#dodge', '#genisis', '#kia']",,original sound - Theblackcarguru,6565,218,551,150
https://www.tiktok.com/@osoavaricea/video/7264760960110611758,8/7/23,osoavaricea,Mr.makeithappen🦾🙏🏽,Replying  Brando if yall got kias wit a regular key u need to worry about kia boys 🗣️💯 #kia #kiaboyz #kiak5gt #carinsurance #carprotection  (1),"['#kia', '#kiaboyz', '#kiak5gt', '#carinsurance', '#carprotection']",,original sound - Mr.makeithappen🦾🙏🏽,5807,86,666,48
https://www.tiktok.com/@716kiaboyzz/video/7264603832657792299,8/7/23,716kiaboyzz,716KiaBoyzz,#kia,['#kia'],,Catch A B - MAF Teeski,288,9,32,11
https://www.tiktok.com/@keyelehaze/video/7264946591071604014,8/8/23,keyelehaze,KeyeLeHaze,this had a 1mil+ on IG so idk#kia#nissan#nissanrogue#tampa#tampabay#hillsboroughcounty#orlando#plantcity#dashcam#closecall#left,"['#kia', '#nissan', '#nissanrogue', '#tampa', '#tampabay', '#hillsboroughcounty', '#orlando', '#plantcity', '#dashcam', '#closecall', '#left']",,original sound - KeyeLeHaze,1.4M,8945,72.6K,14.4K
https://www.tiktok.com/@kilgore55555/video/7264930397446868267,8/8/23,kilgore55555,Pickup And Delivery,,[],,original sound - Pickup And Delivery,615,0,30,19
https://www.tiktok.com/@marsgoat7/video/7265363788143037738,8/9/23,marsgoat7,Mars Entertainment,Kia boys took bag from car in less than 10 seconds. 😭,[],,original sound - Mars Entertainment,3298,178,471,156
https://www.tiktok.com/@guwapcrazy/video/7267007889129229599,8/14/23,guwapcrazy,_its_guwap,#fypシ#undergroundmusic,"['#fypシ', '#undergroundmusic']",,Mini van - _its_guwap,902,14,106,23
https://www.tiktok.com/@aecoal/video/7269949578097528106,8/21/23,aecoal,josh,he gonna destroy me kia boy style#edwardcullen#twilight,"['#edwardcullen', '#twilight']",,original sound - josh,473,29,151,9
https://www.tiktok.com/@seattlesubmissions/video/7271045766158847275,8/24/23,seattlesubmissions,SeattleSubmissions,"Kia Boyz Strike again this time in Lynnwood WA what do you think about the Kia Boyz?FOLLOW @SEATTLESUBMISSIONS ON TIKTOK & IG ‼️*This page does not intend to promote dangerous organizations, violence, harassment, bullying or hate speech",[],Lynnwood,"Suspense, horror, piano and music box - takaya",1970,70,151,153
https://www.tiktok.com/@davidputitdown/video/7271385382015585578,8/25/23,davidputitdown,Dave,The kia boys got me shooketh. I have an irrational fear that they are out to get me 🤦🏾‍♂️😂#explore#adulting#learnontiktok#onthisday#life#howto#car#lifehacks,"['#explore', '#adulting', '#learnontiktok', '#onthisday', '#life', '#howto', '#car', '#lifehacks']",,She'll Be Ok - 4Fargo,2775,51,217,24
https://www.tiktok.com/@aspaceblive/video/7271380314306596142,8/25/23,aspaceblive,AspaceB,We cant afford the hellcat so we kia boys for now 😂😂😂#twitch#aspaceb#youtube#fyp#xyzbca#justchatting,"['#twitch', '#aspaceb', '#youtube', '#fyp', '#xyzbca', '#justchatting']",,Hellcats SRTs - Sexyy Red,2343,11,200,55
https://www.tiktok.com/@civicvtcz/video/7272582559303847211,8/28/23,civicvtcz,Slowcivic💨🐌,,[],,cardigan - Taylor Swift,134,19,12,3
https://www.tiktok.com/@dagoatboyd/video/7272401989198171438,8/28/23,dagoatboyd,DFMBruh,Them kia boyz dont play😭😭#fyp#fypシ#funny#jokes,"['#fyp', '#fypシ', '#funny', '#jokes']",,original sound - MemesByIK,3021,17,124,36
https://www.tiktok.com/@tommy.g753/video/7272670687217585450,8/29/23,tommy.g753,TOMMY G NEW,PART 3,[],,nhạc nền - TOMMY G NEW,635,11,68,14
https://www.tiktok.com/@jayfromli/video/7272801116679687466,8/29/23,jayfromli,Jason,No homo though😏#fyp#capcut#homie#theboys#kiacenatdancing#foryou#viral#party#clubbing,"['#fyp', '#capcut', '#homie', '#theboys', '#kiacenatdancing', '#foryou', '#viral', '#party', '#clubbing']",,original sound - Jason,25.8K,86,1617,3783
https://www.tiktok.com/@tommy.g753/video/7273109573962140970,8/30/23,tommy.g753,TOMMY G NEW,PART ( END ),[],,nhạc nền - TOMMY G NEW,583,0,54,10
https://www.tiktok.com/@theisismarie/video/7273246353508109598,8/30/23,theisismarie,I’sis,Why get a kia boy when i could put you in a vet ❤️,[],NOLA · New Orleans,original sound - I’sis,2051,14,81,3
https://www.tiktok.com/@145.kiaboys/video/7273283808777063713,8/31/23,145.kiaboys,🥷,,[],,Originalton - 🥷,1479,50,373,222
https://www.tiktok.com/@651kia_boys/video/7273533458335517995,8/31/23,651kia_boys,Kia boy,Minnesota kiaboys#kiaboy#414milwaukee#651kiaboy#kiaboyz612#donttrythisathome#stpaul#minnesota,"['#kiaboy', '#414milwaukee', '#651kiaboy', '#kiaboyz612', '#donttrythisathome', '#stpaul', '#minnesota']",,original sound - Kia boy,1699,18,233,53
https://www.tiktok.com/@cage1850/video/7273928177901161733,9/1/23,cage1850,STAR,screaming won't help🙄#SAMA28#viral#kia,"['#SAMA28', '#viral', '#kia']",,original sound - STAR,1952,41,233,55
https://www.tiktok.com/@riley.moranttt/video/7274002770666016042,9/1/23,riley.moranttt,riley morant,"loving my new kia!! and i dont wanna hear shit bout the kia boys, i got a a steering wheel lock 🙄",[],,ty for using my sound omg - anisa 🦕,693,16,12,1
https://www.tiktok.com/@theisismarie/video/7274649636244131102,9/3/23,theisismarie,I’sis,Why get a kia boy when i could put you in a vette 🤣🤣,[],,original sound - I’sis,1066,6,45,1
https://www.tiktok.com/@saedenoo/video/7275022310120115502,9/4/23,saedenoo,Deno 🌟,You cant park nowhere in houston🤦🏾‍♂️ dem kia boys at its finest 😂#fypシ#tsu#houston#pvvstsu#hbcu#funny,"['#fypシ', '#tsu', '#houston', '#pvvstsu', '#hbcu', '#funny']",,original sound - Deno 🌟,505,24,14,5
https://www.tiktok.com/@lilbrov/video/7275838801971285291,9/6/23,lilbrov,🏈🔛🔝,Kia boys got caught@#fypシ#Meme#fyp#viral,"['#fypシ', '#Meme', '#fyp', '#viral']",,original sound - 🏈🔛🔝,625,25,89,16
https://www.tiktok.com/@tommygmcgee.bigfan/video/7276602732075666731,9/8/23,tommygmcgee.bigfan,TommyGMcGee.bigfan,Kia Boys Documentary (A Story of Teenage Car Theft)-part 4,[],,nhạc nền  - TommyGMcGee.bigfan,588,6,49,4
https://www.tiktok.com/@kkurzi/video/7278232074375433514,9/13/23,kkurzi,Kurzi,Bro thinks hes with the kiaboys 😭#gta#fyp#gtav#gta5#kkurzi#gtacommunity#gta5online#gtatiktok#funnyvideos#funny#gtafunnymoments#gtaonlinemoments#gtaonlineclipss#gtacontent#gtalowlevels,"['#gta', '#fyp', '#gtav', '#gta5', '#kkurzi', '#gtacommunity', '#gta5online', '#gtatiktok', '#funnyvideos', '#funny', '#gtafunnymoments', '#gtaonlinemoments', '#gtaonlineclipss', '#gtacontent', '#gtalowlevels']",,original sound - Kurzi,74.4K,631,10.3K,875
https://www.tiktok.com/@sophisticatedjargon/video/7278369645990645035,9/13/23,sophisticatedjargon,SophisticatedJargon,Rich Kia Boys flee to the saftey of their gated community🤣#fyp,['#fyp'],Colorado Springs,original sound - مال,990,53,65,4
https://www.tiktok.com/@414_glazin/video/7278451746521795883,9/13/23,414_glazin,414_Glazin,They just dont care (MILWAUKEE KIA BOYz)#tiktok#instagram#love#viral#like#memes#follow#explorepage#trending#instagood#explore#music#likeforlikes#followforfollowback#funny#meme#fyp#youtube#tiktokindonesia#fashion#photography#k#tiktokdance#likes#bhfyp#tiktokindia#video#art#cute#india,"['#tiktok', '#instagram', '#love', '#viral', '#like', '#memes', '#follow', '#explorepage', '#trending', '#instagood', '#explore', '#music', '#likeforlikes', '#followforfollowback', '#funny', '#meme', '#fyp', '#youtube', '#tiktokindonesia', '#fashion', '#photography', '#k', '#tiktokdance', '#likes', '#bhfyp', '#tiktokindia', '#video', '#art', '#cute', '#india']",Milwaukee,original sound - 414_Glazin,869,5,61,22
https://www.tiktok.com/@liz_robbins143/video/7278310484971932970,9/13/23,liz_robbins143,✌🏻Liz Kelly Robbins,Replying to@𝘬𝘯𝘰𝘹 🎆.Part 2.#firstcar#firsttimedriver#firstcarcheck#teendrivers#teendriving,"['#firstcar', '#firsttimedriver', '#firstcarcheck', '#teendrivers', '#teendriving']",,Hip-hop instrumental.(1288673) - Eto,46.9K,1103,2260,39
https://www.tiktok.com/@tommygclippage/video/7279585586824908074,9/16/23,tommygclippage,Tommy G,Kia Boys Tommy G#kiaboy#tommyg,"['#kiaboy', '#tommyg']",Milwaukee,original sound - Tommy G,193,5,6,4
https://www.tiktok.com/@rangosrt/video/7282040103101369630,9/23/23,rangosrt,RangoSRT,👀#dodge#srt#hellcat#fyp#kia#ev6#gt#carcommunity#carsoftiktok,"['#dodge', '#srt', '#hellcat', '#fyp', '#kia', '#ev6', '#gt', '#carcommunity', '#carsoftiktok']",,original sound - RangoSRT,833,75,64,134
https://www.tiktok.com/@flowerkeller/video/7283233615729675562,9/26/23,flowerkeller,flowerkeller,#south#la#car#fire#kiaboy,"['#south', '#la', '#car', '#fire', '#kiaboy']",,Danger - SoundAudio,7,0,2,1
https://www.tiktok.com/@carguyschi/video/7283581114298535214,9/27/23,carguyschi,Car Guys Chicago,2023 KIA Stinger in for Starlights 💫 Dm to change the experience of your ride 🚀#starlights#starry#starheadliner#rollsroyce#carsoftiktok#cartok#kiastinger#stingergt#carguys#chicago#xyzcba#foryou#fyp,"['#starlights', '#starry', '#starheadliner', '#rollsroyce', '#carsoftiktok', '#cartok', '#kiastinger', '#stingergt', '#carguys', '#chicago', '#xyzcba', '#foryou', '#fyp']",,original sound - Car Guys Chicago,498,3,67,18
https://www.tiktok.com/@clopezzz3/video/7283923925258505503,9/28/23,clopezzz3,Cristal lopez,"Anyone know these teenagers? They hit my car, they almost ran me and my son over and then took off. The car they were driving was a kia and had no license plates. 2 young boys sitting in the front and 2 girls and 1 young man in the back seat. It happened at the target in downey. Any information will help!",[],Target · South Gate,original sound - Cristal lopez,9172,267,377,113
https://www.tiktok.com/@b______rian/video/7284116402259316014,9/28/23,b______rian,BEEN MADE IT HAPPEN,KIABOIIII 🔥🦃,[],Arizona,original sound - BEEN MADE IT HAPPEN,21,0,4,Share
https://www.tiktok.com/@leaveyouguessing6/video/7284760871119670558,9/30/23,leaveyouguessing6,Leave()You()Guessing,Neighbor Stops Car Jacker (Caught On Ring Camera)#shorts,['#shorts'],,original sound - Leave()You()Guessing,4805,33,296,60
https://www.tiktok.com/@sgc_von/video/7286248614249106734,10/4/23,sgc_von,SGC Von🧑🏾‍🎤,Kia boyzzz🤞🏽❤️,[],,original sound - brent is bae😘,2195,26,127,4
https://www.tiktok.com/@gonewrongpranks/video/7286255249898343726,10/4/23,gonewrongpranks,ScareZone,Why was bro so scared ? 😳☠️#fyp#prank#inthehood#hoodprank,"['#fyp', '#prank', '#inthehood', '#hoodprank']",Open Gate Cemetery · Osseo,original sound - ScareZone,123,3,9,1
https://www.tiktok.com/@omarslp23/video/7286315949689441578,10/4/23,omarslp23,Omar_SLP,,[],,original sound - Omar_SLP,104,3,7,7
https://www.tiktok.com/@precisiongaragecustoms/video/7285904102838586654,10/4/23,precisiongaragecustoms,Precision Garage Customs,Replying to@Noah T.How Would A Kia Optima Sound Straight Piped?#kia#carsoftiktok#carguys#carslover#carguy#cartok#carlover,"['#kia', '#carsoftiktok', '#carguys', '#carslover', '#carguy', '#cartok', '#carlover']",,sonido original - Newton official,1185,30,97,30
https://www.tiktok.com/@bigbeezz/video/7286272401028009258,10/5/23,bigbeezz,Hated Trap,Replying to@Pain real💔Why was bro so scared ☠️😭😭#fyp#inthehood#trending#kiaboy#hood#hoodprank,"['#fyp', '#inthehood', '#trending', '#kiaboy', '#hood', '#hoodprank']",,Something going on - Felixs left and right toe,10.8K,268,1052,114
https://www.tiktok.com/@ramelwitharf/video/7286796141453167915,10/6/23,ramelwitharf,ramel,Kia boys vs bait Kia prank in Milwaukee part 2|#prank#fyp#funny#foryou#viral#trending,"['#prank', '#fyp', '#funny', '#foryou', '#viral', '#trending']",,Aesthetic - Tollan Kim,371,5,34,4
https://www.tiktok.com/@empirecovers/video/7286904537670028586,10/6/23,empirecovers,Empire Covers,Kia Boys? More like Mopar Boys. These are the Top 5 Most Stolen Cars from the 2020-2022 model years.#mopar#dodge#charger#challenger#hellcat#srthellcat#infiniti#rangerover#dodgecharger#dodgechallenger#hellcatcharger#empirecovers#hellcatchallenger#hemi,"['#mopar', '#dodge', '#charger', '#challenger', '#hellcat', '#srthellcat', '#infiniti', '#rangerover', '#dodgecharger', '#dodgechallenger', '#hellcatcharger', '#empirecovers', '#hellcatchallenger', '#hemi']",Philadelphia,Gta San Andreas (Instrumental Version) - Fk Music,35.6K,343,2400,306
https://www.tiktok.com/@slownata2.0t/video/7287252208813477163,10/7/23,slownata2.0t,21’ Tuci! 🦋,"LMFAO, imma forever bully a kiaboy cause they can’t take push to starts 😭#fyp#fypシ#fypage#fypシ゚viral#hyundai#hyundaitucson#fypdongggggggg","['#fyp', '#fypシ', '#fypage', '#fypシ', '#hyundai', '#hyundaitucson', '#fypdongggggggg']",,UH OHHH - ★ KILLA ★,804,109,45,6
https://www.tiktok.com/@jamescobb960/video/7288342024934280491,10/10/23,jamescobb960,jamescobb960,KIA didn't install security theft in KIA cars SMH#REPOST#kiaboy#usbcord#stolenandrecovered,"['#REPOST', '#kiaboy', '#usbcord', '#stolenandrecovered']",North Carolina,Oh No - Kreepa,767,39,113,237
https://www.tiktok.com/@enthrallingvideotv/video/7288286716111146270,10/10/23,enthrallingvideotv,World News Channel,#news#usa#viralvideo#trending#watchme,"['#news', '#usa', '#viralvideo', '#trending', '#watchme']",,original sound - World News Channel,187,12,26,10
https://www.tiktok.com/@delanyroseee/video/7288769471127342378,10/11/23,delanyroseee,Delany Lopez,This shit is ghettooooo!! Like why didnt yall steal my car? I needed a new one 🙄🙄🙄 jk,[],,original sound - Delany Lopez,302,12,18,11
https://www.tiktok.com/@aretzy.y/video/7289704823769926954,10/13/23,aretzy.y,aretzy <3,,[],,original sound - aretzy <3,380,1,42,12
https://www.tiktok.com/@adaywithshay/video/7289891912457260319,10/14/23,adaywithshay,Shay,,[],,original sound - Shay,22.7K,1216,1253,227
https://www.tiktok.com/@jordantopfive/video/7289921368710270239,10/14/23,jordantopfive,TopFive,wrap it up were leaving#fyp#viral,"['#fyp', '#viral']",,original sound - TopFive,283,2,28,8
https://www.tiktok.com/@chris_is2valid/video/7289827147814915370,10/14/23,chris_is2valid,Chris,#car#carguy#cartok#carsoftiktok#cartokhub#stance#stancedcars#jdm#kia#fyp#fypシ#foryou#foryoupage#mazda#miata#ford#chevy#nissan#toyota#honda#kia#fortegt#kdm#volkswagen#audi#bmw#supra#lamborghini#mclaren#tuned#enkei#capcut#lowered#loweredlifestyle#coilovers#springs#bagged#trending#turbo#spool#bbs#sparco#Mitsubishi#ecu#tcu#pops#burblesandboost#burblesmakeyoufast#sparco#gli#gti#VAG#cartok#carsoftiktok#buggati#ferrari,"['#car', '#carguy', '#cartok', '#carsoftiktok', '#cartokhub', '#stance', '#stancedcars', '#jdm', '#kia', '#fyp', '#fypシ', '#foryou', '#foryoupage', '#mazda', '#miata', '#ford', '#chevy', '#nissan', '#toyota', '#honda', '#kia', '#fortegt', '#kdm', '#volkswagen', '#audi', '#bmw', '#supra', '#lamborghini', '#mclaren', '#tuned', '#enkei', '#capcut', '#lowered', '#loweredlifestyle', '#coilovers', '#springs', '#bagged', '#trending', '#turbo', '#spool', '#bbs', '#sparco', '#Mitsubishi', '#ecu', '#tcu', '#pops', '#burblesandboost', '#burblesmakeyoufast', '#sparco', '#gli', '#gti', '#VAG', '#cartok', '#carsoftiktok', '#buggati', '#ferrari']",,original sound - relishgt,1281,102,142,3
https://www.tiktok.com/@jopehudd/video/7289896990018719019,10/14/23,jopehudd,hope 💌🪩🍒,Replying to@meowmeowkissezthe kia boys are so girly pop for this,[],University of Arizona Computer support and services · Tucson,original sound - hope 💌🪩🍒,3116,217,166,4
https://www.tiktok.com/@._kiaboys_/video/7289871949755436319,10/14/23,._kiaboys_,NoTheLimit26,Broski lost traction,[],Nigas Barbershop · Apartadó,original sound - Milwaukee dance page,140,12,13,5
https://www.tiktok.com/@laa.km3xx/video/7290269720559750443,10/15/23,laa.km3xx,Laa.km3x,,[],,original sound - 🐐,5310,0,426,87
https://www.tiktok.com/@kiaxxboyss2/video/7290370450499161375,10/15/23,kiaxxboyss2,u 🥷’s not on shii💯.,,[],,original sound - u 🥷’s not on shii💯.,781,22,55,15
https://www.tiktok.com/@policechase_plug/video/7290614197875166510,10/16/23,policechase_plug,policepursuit_plug,“Kia Boys”#kia#auto#news,"['#kia', '#auto', '#news']",,original sound - policepursuit_plug,1308,32,155,126
https://www.tiktok.com/@sincitystinger/video/7290746851953872158,10/16/23,sincitystinger,sincitystinger,Who am I#carsoftiktok#kdmnation#kdm#kia#cleanwhip#carguy#carvideo#kiastinger#cars#carslover#cartok#kiastingergt#carquotes,"['#carsoftiktok', '#kdmnation', '#kdm', '#kia', '#cleanwhip', '#carguy', '#carvideo', '#kiastinger', '#cars', '#carslover', '#cartok', '#kiastingergt', '#carquotes']",Las Vegas · Las Vegas,original sound - sincitystinger,1651,42,126,23
https://www.tiktok.com/@rko.bando/video/7290649371014729002,10/16/23,rko.bando,flunkify,CO/720 kia boys,[],,original sound - flunkify,29,3,6,Share
https://www.tiktok.com/@bellavita.ch/video/7290574426809142560,10/16/23,bellavita.ch,Bella Vita,Les kia boys 🫨,[],Switzerland,Spider In The Tomb - Boxwork,428,18,47,11
https://www.tiktok.com/@tommyg.us/video/7290632097763560734,10/16/23,tommyg.us,Tommy G,Part 3 | Kia Boys Documentary(A Story of Teenage Car Theft)#tommyg#fyp#foryou#viral,"['#tommyg', '#fyp', '#foryou', '#viral']",,Aesthetic - Tollan Kim,686,3,36,2
https://www.tiktok.com/@tommyg.us/video/7291179354774654239,10/17/23,tommyg.us,Tommy G,Part 7 | Kia Boys Documentary(A Story of Teenage Car Theft)#tommyg#fyp#foryou#viral,"['#tommyg', '#fyp', '#foryou', '#viral']",,Aesthetic - Tollan Kim,120.8K,309,8349,437
https://www.tiktok.com/@edits_by_one/video/7291064558435945774,10/17/23,edits_by_one,EDITS_BY_ONE,WAIT FOR IT WAIT FOR ITTHE KIA SOUL GIVING US A MEMORABLE MOMENT 😱😱😱#carcommunity#car#race#dragrace#carsoftik#dragraces#cars#racecarslife#racecar#racingcar#carguy#fyp,"['#carcommunity', '#car', '#race', '#dragrace', '#carsoftik', '#dragraces', '#cars', '#racecarslife', '#racecar', '#racingcar', '#carguy', '#fyp']",Yello Belly Dragstrip · Grand Prairie,original sound - EDITS_BY_ONE,1254,27,64,34
https://www.tiktok.com/@top.tier.scenes/video/7291247568607055147,10/18/23,top.tier.scenes,Top Tier scenes,#fyp#foryou#chicago#deadlygangs#entertainment#tommyg#city#littlevillage,"['#fyp', '#foryou', '#chicago', '#deadlygangs', '#entertainment', '#tommyg', '#city', '#littlevillage']",,original sound - Top Tier scenes,2452,26,254,23
https://www.tiktok.com/@wolfhatfacts/video/7291314467164523819,10/18/23,wolfhatfacts,iHeartWolfie,One day#fyp#foryou,"['#fyp', '#foryou']",,original sound - iHeartWolfie,4611,410,122,36
https://www.tiktok.com/@jaysclip/video/7291690491857620270,10/19/23,jaysclip,jays clip,Another kia boy caught during#kia#boys#caught#stealing#steal#stealing#car#4k#fyp#trap#foryou#foryoupage#foryourpage#viral,"['#kia', '#boys', '#caught', '#stealing', '#steal', '#stealing', '#car', '#4k', '#fyp', '#trap', '#foryou', '#foryoupage', '#foryourpage', '#viral']",,original sound - jays clip,12,1,1,Share
https://www.tiktok.com/@luzurexy/video/7292074328579919134,10/20/23,luzurexy,alex,kia boyz#car#carsoftiktok#carcommunity#subaru#subarulegacy#ej25#manual#turbo#jdm,"['#car', '#carsoftiktok', '#carcommunity', '#subaru', '#subarulegacy', '#ej25', '#manual', '#turbo', '#jdm']",,original sound - alex,1922,39,262,139
https://www.tiktok.com/@harregt2/video/7292008741166206213,10/20/23,harregt2,Harregt2,Kia boys gonna get me🤪#fyp#fypシ#carsoftiktok#cartok#car#cars#carguy#carcommunity#kdm#korean#bmwm3#kia#bmw#kiastingergt2#2022kiastinger#porsche#kiak5,"['#fyp', '#fypシ', '#carsoftiktok', '#cartok', '#car', '#cars', '#carguy', '#carcommunity', '#kdm', '#korean', '#bmwm3', '#kia', '#bmw', '#kiastingergt2', '#2022kiastinger', '#porsche', '#kiak5']",Toronto,Dj ess Wizz havinn nga uhh freestyle mixx - isisgangleader,1049,83,52,6
https://www.tiktok.com/@vsp.mxso/video/7293291617677626670,10/23/23,vsp.mxso,mäso,Real tho ||#fyp#gyat#kia#trending#kiacenat#boy#school,"['#fyp', '#gyat', '#kia', '#trending', '#kiacenat', '#boy', '#school']",,original sound - mäso,97.7K,1157,18.5K,1731
https://www.tiktok.com/@user6109178999/video/7293381965233933611,10/24/23,user6109178999,Music Recap,Follow me for more Reels on your FYP#music#fyp#fypシ#fypシ゚viral#xyczba#charlidamelio#carcrash#policebrutaility#policebodycam#gta5#criminal#musicvideo,"['#music', '#fyp', '#fypシ', '#fypシ', '#xyczba', '#charlidamelio', '#carcrash', '#policebrutaility', '#policebodycam', '#gta5', '#criminal', '#musicvideo']",,Gold Coast - Azan Karim,281,0,30,3
https://www.tiktok.com/@1locodee/video/7293934266575244590,10/25/23,1locodee,1 L O C O🐍,Kia boys aint got nan on atl yns😂#locodee#1loco#locomafia#atl#atlanta#viral#fyp#xyzbca#foru#fypシ#foryou#foryoupage#foryourpage#trend#trending#asjw#atlantaskinnyjeanwarrior,"['#locodee', '#1loco', '#locomafia', '#atl', '#atlanta', '#viral', '#fyp', '#xyzbca', '#foru', '#fypシ', '#foryou', '#foryoupage', '#foryourpage', '#trend', '#trending', '#asjw', '#atlantaskinnyjeanwarrior']",,WHATEVER YOU DO DONT SEARCH COBY SOSAA ON YOUTUBE - LilWopDgaf 🅱️,8153,208,874,185
https://www.tiktok.com/@papermakero_/video/7295568879051410730,10/29/23,papermakero_,NPC👤,When you hug out with your bros#bros#boys#fyp#fyp#kiacenat,"['#bros', '#boys', '#fyp', '#fyp', '#kiacenat']",,original sound - NPC👤,115,0,5,Share
https://www.tiktok.com/@tommy_g040/video/7295548480968215851,10/29/23,tommy_g040,Tommy_G,Kia Boys Documentary (A Story of Teenage Car Theft) | Part 3#tommyg#fyp#viral#foryou#trending,"['#tommyg', '#fyp', '#viral', '#foryou', '#trending']",,nhạc nền - Tommy_G,131,1,3,3
https://www.tiktok.com/@tommy_g040/video/7295549372060683563,10/30/23,tommy_g040,Tommy_G,Kia Boys Documentary (A Story of Teenage Car Theft) | Part 4#tommyg#fyp#viral#foryou#trending,"['#tommyg', '#fyp', '#viral', '#foryou', '#trending']",,nhạc nền - Tommy_G,117,0,6,Share
https://www.tiktok.com/@famousnunu3rdpage/video/7295797061486726418,10/30/23,famousnunu3rdpage,Nunu,Replying to@kia,[],,mix - ㅤ,6591,51,202,1
https://www.tiktok.com/@footballting0/video/7296882079957077280,11/2/23,footballting0,Football ting,@🧢@Ken@DynasticSZN@Baran Steere 🇹🇷#pov#povs#boys#theboys#fortnite#adinross#kia#singing#music#friends#funnyvideos#funnymoments#memories#haha#lol#gaming#gamer#games#game#letsgo#nostalgia#zyxcba#fyp#fypシ゚viral#fypシ#fypage#foryoupageofficiall#foryoupage#foryoupage❤️❤️#fyyyyyyyyyyyyyyyy#fy#fyy#fypageシ#4upage#4u,"['#pov', '#povs', '#boys', '#theboys', '#fortnite', '#adinross', '#kia', '#singing', '#music', '#friends', '#funnyvideos', '#funnymoments', '#memories', '#haha', '#lol', '#gaming', '#gamer', '#games', '#game', '#letsgo', '#nostalgia', '#zyxcba', '#fyp', '#fypシ', '#fypシ', '#fypage', '#foryoupageofficiall', '#foryoupage', '#foryoupage', '#fyyyyyyyyyyyyyyyy', '#fy', '#fyy', '#fypageシ', '#4upage', '#4u']",,original sound - Football ting,539,12,126,11
https://www.tiktok.com/@ogrio810/video/7297290298982468894,11/3/23,ogrio810,Some news you can use,And it sounds like Babyface E they playing#fyp#viralvideo#gasstationchronicles#funnyvideos#streetsaintsafe,"['#fyp', '#viralvideo', '#gasstationchronicles', '#funnyvideos', '#streetsaintsafe']",,original sound - Some news you can use,530,22,57,21
https://www.tiktok.com/@1sntjxyy/video/7298091088286420267,11/5/23,1sntjxyy,Not_Jay,did it infront of a cop too 😂😂#rensselaercountyroblox#kiaboy#rensselaer#roblox,"['#rensselaercountyroblox', '#kiaboy', '#rensselaer', '#roblox']",,original sound - Not_Jay,66,6,6,Share
https://www.tiktok.com/@brefrisco50/video/7298154916609084714,11/6/23,brefrisco50,Gianna Garcia,,[],,original sound - Gianna Garcia,39,2,12,1
https://www.tiktok.com/@shroomconnoisseur/video/7298655606913699077,11/7/23,shroomconnoisseur,rt,,[],,Your a bot buddy. - 5STARR,61,7,1,Share
https://www.tiktok.com/@bakersfieldhyundai661/video/7299984115867176234,11/10/23,bakersfieldhyundai661,Bakersfield Hyundai,Dont be a victim of the KIA Boys & come visit us THIS SUNDAY NOVEMBER 12th 5300 Wible Rd. See you soon!#fypシ#viral#cartok#carsoftiktok#carsontiktok#car#cars#dealership#dealershiplife#comedy#funny,"['#fypシ', '#viral', '#cartok', '#carsoftiktok', '#carsontiktok', '#car', '#cars', '#dealership', '#dealershiplife', '#comedy', '#funny']",Bakersfield Hyundai · Bakersfield,Sad Music - Max-Music,393,20,33,11
https://www.tiktok.com/@the.boys5788/video/7299794784217009451,11/10/23,the.boys5788,The Boys,Replying to@qamer3020Thank you#myboys#raziichoudhary#friends,"['#myboys', '#raziichoudhary', '#friends']",,original sound - The Boys,11.4K,143,1200,165
https://www.tiktok.com/@offcamniy/video/7299830676348587295,11/10/23,offcamniy,niy🩶,yall i cant make this up😂 please turn your volume down first lmao. i just knew my car was gonna last..#fyp#fypシ#kia#kiak5#kiak5gt#2023#2023kiak5#k5#k5gtline#kdm#trending#carsoftiktok#cars,"['#fyp', '#fypシ', '#kia', '#kiak5', '#kiak5gt', '#2023', '#2023kiak5', '#k5', '#k5gtline', '#kdm', '#trending', '#carsoftiktok', '#cars']",Atlanta Ga · Atlanta,original sound - niy🩶,385.8K,3509,16.6K,2790
https://www.tiktok.com/@royalandwavey/video/7300669993623063839,11/12/23,royalandwavey,Royal,"Why rob people that live in the ghetto?! 😭 Not saying it’s ok to rob anyone in rich neighborhoods. This situation was almost the end of me 😩😩😩 I was out of a car for 4  crucial days and days away from eviction court! God pulled through a miracle! I posted this video on Neighbors’s App and people ask to donate. I also took the bus to donate plasma and came up with the rent pass due amount. If you’re watching this and you’re the person(s) that did this, just know the $200 you stole from me was plasma money and you be never had good luck in life after doing this to me",[],,original sound - Royal,574,39,22,4
https://www.tiktok.com/@landexs2/video/7300781367292480810,11/12/23,landexs2,Landexs,I expected this#highgatevermontborderrp#fyp#kiabomb#fy#roblox#kia,"['#highgatevermontborderrp', '#fyp', '#kiabomb', '#fy', '#roblox', '#kia']",,HEY KAYLA - harley,331,26,52,2
https://www.tiktok.com/@shaymandigo/video/7302457016197451050,11/17/23,shaymandigo,Shay Mandigo,,[],,original sound - Shay Mandigo,2242,14,93,21
https://www.tiktok.com/@aubreyjb94/video/7302256069357636869,11/17/23,aubreyjb94,Aubrey JB,Kia boys mad#kia#oil#garbage#slow#burnsoil,"['#kia', '#oil', '#garbage', '#slow', '#burnsoil']",,original sound - Aubrey JB,102,6,5,1
https://www.tiktok.com/@itsmiaatyodaddyhouse/video/7302883640751443246,11/18/23,itsmiaatyodaddyhouse,𝑀𝑖𝑎♕,#kiaboypls stop taking her car🥺,['#kiaboypls'],Philadelphia,Wassup Gway - FamousSally & YB,43,2,0,Share
https://www.tiktok.com/@niaimaniclark/video/7302893094343544095,11/18/23,niaimaniclark,Nurse Imani @ Your Cervix 🤰🏽,Replying to@Dom#kiaboy#nurseproblems#newgrad#nursesoftiktok,"['#kiaboy', '#nurseproblems', '#newgrad', '#nursesoftiktok']",,original sound - Nurse Imani @ Your Cervix 🤰🏽,919,11,33,6
https://www.tiktok.com/@nowayits_him/video/7303292338070244638,11/19/23,nowayits_him,Aaron😈💀,#kiaboy#dangerous#kia#stolen#famous#CapCut#fyp#viral,"['#kiaboy', '#dangerous', '#kia', '#stolen', '#famous', '#CapCut', '#fyp', '#viral']",,Kia Boyz - Li Vmoe,750,19,51,22
https://www.tiktok.com/@sicottelarouchewi/video/7303041850753977605,11/19/23,sicottelarouchewi,#Fèé..,#kia#kiaboy#bus,"['#kia', '#kiaboy', '#bus']",,counting stars - audiosqv,78,1,13,5
https://www.tiktok.com/@jermfishingtv/video/7302975165502164254,11/19/23,jermfishingtv,Jerm 🎣,STOLEN CAR INSIDE HIGHSCHOOL POND! 😨😯#fishing#fishingvideos#fishingtime#bassfishing#texasfishing#outdoors#jermfishingtv#freshwaterfishing#fishtok#pondfishing#kia#kiaboy#cops,"['#fishing', '#fishingvideos', '#fishingtime', '#bassfishing', '#texasfishing', '#outdoors', '#jermfishingtv', '#freshwaterfishing', '#fishtok', '#pondfishing', '#kia', '#kiaboy', '#cops']",,original sound - Jerm 🎣,119.1K,710,9835,504
https://www.tiktok.com/@realdoitquan/video/7303651803965738286,11/20/23,realdoitquan,Quan Adoya,real kia boyz 😂🔥#414milwaukee#kiaboy#hyundai,"['#414milwaukee', '#kiaboy', '#hyundai']",,original sound - Quan Adoya,118,4,1,5
https://www.tiktok.com/@superthrowed/video/7303679520534547755,11/20/23,superthrowed,⛹🏽‍♂️,Them kia boys wild😭😭#fyp#viral#milwaukee#kiaboy#lowend#414,"['#fyp', '#viral', '#milwaukee', '#kiaboy', '#lowend', '#414']",,Replay - Naz Turnt,245,1,30,8
https://www.tiktok.com/@chris.stocks/video/7303661424914566431,11/20/23,chris.stocks,Chris Stocks,What kind of car do you drive?#streetinterview#manonthestreet#car#carguy,"['#streetinterview', '#manonthestreet', '#car', '#carguy']",,original sound - Chris Stocks,66.5K,116,1368,53
https://www.tiktok.com/@theyhate_mal/video/7303946310628052270,11/21/23,theyhate_mal,Theyhate_Mal,STRAIGHT IN LOVE😍#fyp#viral#blowthisup#kia#kiak5gt#kiaboy#viralonyourforyoupage,"['#fyp', '#viral', '#blowthisup', '#kia', '#kiak5gt', '#kiaboy', '#viralonyourforyoupage']",United States,500lbs - Slowed Down - Lil Tecca,19,1,0,Share
https://www.tiktok.com/@glxcksbxndo/video/7304047668882394398,11/21/23,glxcksbxndo,𝓑𝓪𝓷𝓭𝓸,#five#fivem#fivmcar#rockstargames#grandtheftauto#fyppppppppppppppppppppppp#virl_video#fyppp#fypシ#gtarockstareditor,"['#five', '#fivem', '#fivmcar', '#rockstargames', '#grandtheftauto', '#fyppppppppppppppppppppppp', '#virl_video', '#fyppp', '#fypシ', '#gtarockstareditor']",NO LOCATION · Carrizo Springs,Kia Boyz - Li Vmoe,357,7,55,6
https://www.tiktok.com/@216kiaboyz/video/7303783508579732779,11/21/23,216kiaboyz,🪛,K I A B O Y Z#kiaboy#kia#414#216#yak#kiaboy216#414kiaboyzz#fyp,"['#kiaboy', '#kia', '#414', '#216', '#yak', '#kiaboy216', '#414kiaboyzz', '#fyp']",,YAK (Kia boy anthem) - Lul trell,10.5K,26,1641,107
https://www.tiktok.com/@goofyfckengoober/video/7304103787537665326,11/21/23,goofyfckengoober,Ari,Kiaboys almost got me once im not letting it happen again‼️,[],,WHATEVER YOU DO DONT SEARCH COBY SOSAA ON YOUTUBE - LilWopDgaf 🅱️,262,9,2,4
https://www.tiktok.com/@216kiaboyz/video/7303778117225631019,11/21/23,216kiaboyz,🪛,🪛🚘 .  cleveland .#kiaboy#kia#414#216,"['#kiaboy', '#kia', '#414', '#216']",,YAK (Kia boy anthem) - Lul trell,32,0,4,Share
https://www.tiktok.com/@lesniped/video/7303952010523446574,11/21/23,lesniped,LeClipped,kai really that kids dad 😭#lilrt#60miles#kaicenatclips#kaicenat#viral#fyp#kaicenatfunnymoments,"['#lilrt', '#60miles', '#kaicenatclips', '#kaicenat', '#viral', '#fyp', '#kaicenatfunnymoments']",,original sound - LeClipped,3511,26,389,27
https://www.tiktok.com/@roganclips22/video/7304052608392793390,11/21/23,roganclips22,roganclips22,#basketball#nba,"['#basketball', '#nba']",,,1551,41,159,66
https://www.tiktok.com/@dayda2grimeyy/video/7303906694902582574,11/21/23,dayda2grimeyy,dayda2grimeyy,#darkskin#kiaboy#fypage#fypシ,"['#darkskin', '#kiaboy', '#fypage', '#fypシ']",Clarksville,Ms.Good P - subtweet1,10,0,1,Share
https://www.tiktok.com/@scardamaniac/video/7304466017491733803,11/22/23,scardamaniac,scar,😂😂 got me throwed#fyp#babykia#bk#l5#atldrill,"['#fyp', '#babykia', '#bk', '#l5', '#atldrill']",Atlanta,original sound - ATL PAGE ( follow new page ),2368,33,397,73
https://www.tiktok.com/@katieunderwood2000/video/7304253023658855722,11/22/23,katieunderwood2000,katieunderwood2000,Kia Boys Documentary Teenage Car Theft Chronicles P1,[],,original sound - katieunderwood2000,61,0,1,Share
https://www.tiktok.com/@katieunderwood2000/video/7304253078750940458,11/22/23,katieunderwood2000,katieunderwood2000,Kia Boys Documentary Teenage Car Theft Chronicles P2,[],,original sound - katieunderwood2000,33,0,0,Share
https://www.tiktok.com/@jesspostedthat/video/7304643636438879534,11/23/23,jesspostedthat,Phat2x🩶🇹🇹,#kiaboy#jesspostedthat,"['#kiaboy', '#jesspostedthat']",,original sound - Phat2x🩶🇹🇹,52,3,3,Share
https://www.tiktok.com/@garnerd_one/video/7304769227045702958,11/23/23,garnerd_one,Garner'd,Kia Boyz strick again. My Kia Journey#kiaboy#kiavictimschallenge#kiathefts#kiasoulthefts#kiastolen,"['#kiaboy', '#kiavictimschallenge', '#kiathefts', '#kiasoulthefts', '#kiastolen']",,original sound - Garner'd,4,4,0,Share
https://www.tiktok.com/@luhdot4200/video/7304586564863135019,11/23/23,luhdot4200,luhdot4200,Ets on u to explain to dukes😂😂😂#100kviews#funny#kiaboy#momma,"['#100kviews', '#funny', '#kiaboy', '#momma']",,original sound - des,14.8K,60,1314,135
https://www.tiktok.com/@nawfphillyy/video/7305606206133931310,11/25/23,nawfphillyy,CertifiedJa,kiaboys😂 🔌🪛#fypシ#dreads#kiaboy,"['#fypシ', '#dreads', '#kiaboy']",,original sound - They banned me at 12.k,28,1,1,1
https://www.tiktok.com/@gotaction_/video/7305263651156544798,11/25/23,gotaction_,We Got Action 📸,#gotaction_#kiaboy#action#foryou#911#news#wrecked#trim#fypシ#crashed#officer#highspeed#live#copstv#fox5#atlanta#officersoftiktok,"['#gotaction_', '#kiaboy', '#action', '#foryou', '#911', '#news', '#wrecked', '#trim', '#fypシ', '#crashed', '#officer', '#highspeed', '#live', '#copstv', '#fox5', '#atlanta', '#officersoftiktok']",,original sound - We Got Action 📸,1509,1050,153,240
https://www.tiktok.com/@chicago_plug_fr/video/7305525693343993131,11/25/23,chicago_plug_fr,Chicago Plug Fr,#kia_Boyz#fypシ゚viral,"['#kia_Boyz', '#fypシ']",,original sound - Chicago Plug Fr,0,0,0,Share