seq,date_num,date_val,weeknum,theft,kia_boys,kia_boys_la
1,42737,1/2/17,886,33,0,0
2,42744,1/9/17,887,40,0,0
3,42751,1/16/17,888,36,0,0
4,42758,1/23/17,889,36,0,0
5,42765,1/30/17,890,24,0,0
6,42772,2/6/17,891,34,0,0
7,42779,2/13/17,892,43,0,0
8,42786,2/20/17,893,39,0,0
9,42793,2/27/17,894,44,0,0
10,42800,3/6/17,895,37,0,0
11,42807,3/13/17,896,26,0,0
12,42814,3/20/17,897,33,0,0
13,42821,3/27/17,898,39,0,0
14,42828,4/3/17,899,29,0,0
15,42835,4/10/17,900,31,0,0
16,42842,4/17/17,901,35,0,0
17,42849,4/24/17,902,31,0,0
18,42856,5/1/17,903,46,0,0
19,42863,5/8/17,904,36,0,0
20,42870,5/15/17,905,34,0,0
21,42877,5/22/17,906,44,0,0
22,42884,5/29/17,907,37,0,0
23,42891,6/5/17,908,29,0,0
24,42898,6/12/17,909,36,0,0
25,42905,6/19/17,910,49,0,0
26,42912,6/26/17,911,31,0,0
27,42919,7/3/17,912,38,0,0
28,42926,7/10/17,913,52,0,0
29,42933,7/17/17,914,28,0,0
30,42940,7/24/17,915,37,0,0
31,42947,7/31/17,916,38,0,0
32,42954,8/7/17,917,30,0,0
33,42961,8/14/17,918,41,0,0
34,42968,8/21/17,919,41,0,0
35,42975,8/28/17,920,33,0,0
36,42982,9/4/17,921,31,0,0
37,42989,9/11/17,922,33,0,0
38,42996,9/18/17,923,42,0,0
39,43003,9/25/17,924,37,0,0
40,43010,10/2/17,925,41,0,0
41,43017,10/9/17,926,35,0,0
42,43024,10/16/17,927,50,0,0
43,43031,10/23/17,928,45,0,0
44,43038,10/30/17,929,39,0,0
45,43045,11/6/17,930,41,0,0
46,43052,11/13/17,931,47,0,0
47,43059,11/20/17,932,31,0,0
48,43066,11/27/17,933,38,0,0
49,43073,12/4/17,934,42,0,0
50,43080,12/11/17,935,43,0,0
51,43087,12/18/17,936,35,0,0
52,43094,12/25/17,937,49,0,0
53,43101,1/1/18,938,33,0,0
54,43108,1/8/18,939,42,0,0
55,43115,1/15/18,940,32,0,0
56,43122,1/22/18,941,34,0,0
57,43129,1/29/18,942,42,0,0
58,43136,2/5/18,943,33,0,0
59,43143,2/12/18,944,32,0,0
60,43150,2/19/18,945,35,0,0
61,43157,2/26/18,946,39,0,0
62,43164,3/5/18,947,45,0,0
63,43171,3/12/18,948,34,0,0
64,43178,3/19/18,949,36,0,0
65,43185,3/26/18,950,35,0,0
66,43192,4/2/18,951,38,0,0
67,43199,4/9/18,952,35,0,0
68,43206,4/16/18,953,45,0,0
69,43213,4/23/18,954,45,0,0
70,43220,4/30/18,955,38,0,0
71,43227,5/7/18,956,49,0,0
72,43234,5/14/18,957,37,0,0
73,43241,5/21/18,958,46,0,0
74,43248,5/28/18,959,56,0,0
75,43255,6/4/18,960,50,0,0
76,43262,6/11/18,961,32,0,0
77,43269,6/18/18,962,45,0,0
78,43276,6/25/18,963,41,0,0
79,43283,7/2/18,964,34,0,0
80,43290,7/9/18,965,39,0,0
81,43297,7/16/18,966,23,0,0
82,43304,7/23/18,967,38,0,0
83,43311,7/30/18,968,43,0,0
84,43318,8/6/18,969,42,0,0
85,43325,8/13/18,970,50,0,0
86,43332,8/20/18,971,42,0,0
87,43339,8/27/18,972,32,0,0
88,43346,9/3/18,973,33,0,0
89,43353,9/10/18,974,31,0,0
90,43360,9/17/18,975,41,0,0
91,43367,9/24/18,976,34,0,0
92,43374,10/1/18,977,32,0,0
93,43381,10/8/18,978,34,0,0
94,43388,10/15/18,979,34,0,0
95,43395,10/22/18,980,34,0,0
96,43402,10/29/18,981,29,0,0
97,43409,11/5/18,982,37,0,0
98,43416,11/12/18,983,35,0,0
99,43423,11/19/18,984,43,0,0
100,43430,11/26/18,985,49,0,0
101,43437,12/3/18,986,40,0,0
102,43444,12/10/18,987,47,0,0
103,43451,12/17/18,988,49,0,0
104,43458,12/24/18,989,41,0,0
105,43465,12/31/18,990,40,0,0
106,43472,1/7/19,991,31,0,0
107,43479,1/14/19,992,39,0,0
108,43486,1/21/19,993,29,0,0
109,43493,1/28/19,994,36,0,0
110,43500,2/4/19,995,32,0,0
111,43507,2/11/19,996,36,0,0
112,43514,2/18/19,997,32,0,0
113,43521,2/25/19,998,42,0,0
114,43528,3/4/19,999,31,0,0
115,43535,3/11/19,1000,50,0,0
116,43542,3/18/19,1001,34,0,0
117,43549,3/25/19,1002,34,0,0
118,43556,4/1/19,1003,52,0,0
119,43563,4/8/19,1004,20,0,0
120,43570,4/15/19,1005,32,0,0
121,43577,4/22/19,1006,45,0,0
122,43584,4/29/19,1007,40,0,0
123,43591,5/6/19,1008,26,0,0
124,43598,5/13/19,1009,41,0,0
125,43605,5/20/19,1010,35,0,0
126,43612,5/27/19,1011,36,0,0
127,43619,6/3/19,1012,34,0,0
128,43626,6/10/19,1013,33,0,0
129,43633,6/17/19,1014,43,0,0
130,43640,6/24/19,1015,33,0,0
131,43647,7/1/19,1016,43,0,0
132,43654,7/8/19,1017,38,0,0
133,43661,7/15/19,1018,40,0,0
134,43668,7/22/19,1019,32,0,0
135,43675,7/29/19,1020,34,0,0
136,43682,8/5/19,1021,35,0,0
137,43689,8/12/19,1022,40,0,0
138,43696,8/19/19,1023,41,0,0
139,43703,8/26/19,1024,32,0,0
140,43710,9/2/19,1025,42,0,0
141,43717,9/9/19,1026,48,0,0
142,43724,9/16/19,1027,39,0,0
143,43731,9/23/19,1028,39,0,0
144,43738,9/30/19,1029,34,0,0
145,43745,10/7/19,1030,35,0,0
146,43752,10/14/19,1031,31,0,0
147,43759,10/21/19,1032,37,0,0
148,43766,10/28/19,1033,41,0,0
149,43773,11/4/19,1034,40,0,0
150,43780,11/11/19,1035,31,0,0
151,43787,11/18/19,1036,23,0,0
152,43794,11/25/19,1037,45,0,0
153,43801,12/2/19,1038,44,0,0
154,43808,12/9/19,1039,30,0,0
155,43815,12/16/19,1040,35,0,0
156,43822,12/23/19,1041,37,0,0
157,43829,12/30/19,1042,40,0,0
158,43836,1/6/20,1043,44,0,0
159,43843,1/13/20,1044,41,0,0
160,43850,1/20/20,1045,51,0,0
161,43857,1/27/20,1046,51,0,0
162,43864,2/3/20,1047,35,0,0
163,43871,2/10/20,1048,37,0,0
164,43878,2/17/20,1049,36,0,0
165,43885,2/24/20,1050,37,0,0
166,43892,3/2/20,1051,27,0,0
167,43899,3/9/20,1052,32,0,0
168,43906,3/16/20,1053,35,0,0
169,43913,3/23/20,1054,22,0,0
170,43920,3/30/20,1055,10,0,0
171,43927,4/6/20,1056,21,0,0
172,43934,4/13/20,1057,20,0,0
173,43941,4/20/20,1058,25,0,0
174,43948,4/27/20,1059,24,0,0
175,43955,5/4/20,1060,36,0,0
176,43962,5/11/20,1061,23,0,0
177,43969,5/18/20,1062,21,0,0
178,43976,5/25/20,1063,28,0,0
179,43983,6/1/20,1064,22,0,0
180,43990,6/8/20,1065,22,0,0
181,43997,6/15/20,1066,27,0,0
182,44004,6/22/20,1067,33,0,0
183,44011,6/29/20,1068,28,0,0
184,44018,7/6/20,1069,35,0,0
185,44025,7/13/20,1070,34,0,0
186,44032,7/20/20,1071,40,0,0
187,44039,7/27/20,1072,48,0,0
188,44046,8/3/20,1073,33,0,0
189,44053,8/10/20,1074,44,0,0
190,44060,8/17/20,1075,56,0,0
191,44067,8/24/20,1076,39,0,0
192,44074,8/31/20,1077,43,0,0
193,44081,9/7/20,1078,57,0,0
194,44088,9/14/20,1079,31,0,0
195,44095,9/21/20,1080,35,0,0
196,44102,9/28/20,1081,31,0,0
197,44109,10/5/20,1082,50,0,0
198,44116,10/12/20,1083,43,0,0
199,44123,10/19/20,1084,43,0,0
200,44130,10/26/20,1085,33,0,0
201,44137,11/2/20,1086,39,0,0
202,44144,11/9/20,1087,30,0,0
203,44151,11/16/20,1088,26,0,0
204,44158,11/23/20,1089,43,0,0
205,44165,11/30/20,1090,27,0,0
206,44172,12/7/20,1091,25,0,0
207,44179,12/14/20,1092,27,0,0
208,44186,12/21/20,1093,27,0,0
209,44193,12/28/20,1094,31,0,0
210,44200,1/4/21,1095,41,0,0
211,44207,1/11/21,1096,40,0,0
212,44214,1/18/21,1097,44,0,0
213,44221,1/25/21,1098,40,0,0
214,44228,2/1/21,1099,40,0,0
215,44235,2/8/21,1100,47,0,0
216,44242,2/15/21,1101,54,0,0
217,44249,2/22/21,1102,24,0,0
218,44256,3/1/21,1103,47,0,0
219,44263,3/8/21,1104,46,0,0
220,44270,3/15/21,1105,59,0,0
221,44277,3/22/21,1106,47,0,0
222,44284,3/29/21,1107,55,0,0
223,44291,4/5/21,1108,62,0,0
224,44298,4/12/21,1109,65,0,0
225,44305,4/19/21,1110,94,0,0
226,44312,4/26/21,1111,68,0,0
227,44319,5/3/21,1112,65,0,0
228,44326,5/10/21,1113,54,0,0
229,44333,5/17/21,1114,52,0,0
230,44340,5/24/21,1115,62,0,0
231,44347,5/31/21,1116,57,0,0
232,44354,6/7/21,1117,42,0,0
233,44361,6/14/21,1118,47,0,0
234,44368,6/21/21,1119,51,3,0
235,44375,6/28/21,1120,44,0,0
236,44382,7/5/21,1121,49,0,0
237,44389,7/12/21,1122,52,0,0
238,44396,7/19/21,1123,63,0,0
239,44403,7/26/21,1124,68,0,0
240,44410,8/2/21,1125,61,2,0
241,44417,8/9/21,1126,55,0,0
242,44424,8/16/21,1127,73,0,0
243,44431,8/23/21,1128,82,3,0
244,44438,8/30/21,1129,43,0,0
245,44445,9/6/21,1130,48,0,0
246,44452,9/13/21,1131,46,0,0
247,44459,9/20/21,1132,63,0,0
248,44466,9/27/21,1133,49,0,0
249,44473,10/4/21,1134,60,0,0
250,44480,10/11/21,1135,79,0,0
251,44487,10/18/21,1136,80,0,0
252,44494,10/25/21,1137,79,0,0
253,44501,11/1/21,1138,79,0,0
254,44508,11/8/21,1139,71,3,0
255,44515,11/15/21,1140,78,0,0
256,44522,11/22/21,1141,78,0,0
257,44529,11/29/21,1142,64,3,0
258,44536,12/6/21,1143,98,0,0
259,44543,12/13/21,1144,83,0,0
260,44550,12/20/21,1145,96,0,0
261,44557,12/27/21,1146,84,0,0
262,44564,1/3/22,1147,66,0,0
263,44571,1/10/22,1148,65,0,0
264,44578,1/17/22,1149,84,0,0
265,44585,1/24/22,1150,51,0,0
266,44592,1/31/22,1151,68,2,0
267,44599,2/7/22,1152,69,0,0
268,44606,2/14/22,1153,67,0,0
269,44613,2/21/22,1154,99,3,0
270,44620,2/28/22,1155,55,0,0
271,44627,3/7/22,1156,90,2,0
272,44634,3/14/22,1157,82,0,0
273,44641,3/21/22,1158,82,0,0
274,44648,3/28/22,1159,85,2,0
275,44655,4/4/22,1160,107,2,0
276,44662,4/11/22,1161,80,3,0
277,44669,4/18/22,1162,92,2,0
278,44676,4/25/22,1163,105,2,0
279,44683,5/2/22,1164,101,2,0
280,44690,5/9/22,1165,118,2,0
281,44697,5/16/22,1166,91,3,0
282,44704,5/23/22,1167,86,3,0
283,44711,5/30/22,1168,84,34,0
284,44718,6/6/22,1169,74,19,28
285,44725,6/13/22,1170,81,22,52
286,44732,6/20/22,1171,69,33,100
287,44739,6/27/22,1172,88,32,67
288,44746,7/4/22,1173,90,27,37
289,44753,7/11/22,1174,87,39,95
290,44760,7/18/22,1175,88,48,71
291,44767,7/25/22,1176,103,72,46
292,44774,8/1/22,1177,90,68,67
293,44781,8/8/22,1178,100,54,90
294,44788,8/15/22,1179,134,46,37
295,44795,8/22/22,1180,77,24,33
296,44802,8/29/22,1181,96,19,26
297,44809,9/5/22,1182,88,22,30
298,44816,9/12/22,1183,108,30,26
299,44823,9/19/22,1184,79,14,23
300,44830,9/26/22,1185,95,18,18
301,44837,10/3/22,1186,127,20,0
302,44844,10/10/22,1187,94,22,24
303,44851,10/17/22,1188,76,29,57
304,44858,10/24/22,1189,99,30,57
305,44865,10/31/22,1190,80,15,44
306,44872,11/7/22,1191,83,15,0
307,44879,11/14/22,1192,74,11,20
308,44886,11/21/22,1193,78,9,0
309,44893,11/28/22,1194,82,15,0
310,44900,12/5/22,1195,86,12,26
311,44907,12/12/22,1196,76,42,30
312,44914,12/19/22,1197,41,18,0
313,44921,12/26/22,1198,108,15,0
314,44928,1/2/23,1199,97,13,26
315,44935,1/9/23,1200,96,13,21
316,44942,1/16/23,1201,107,19,0
317,44949,1/23/23,1202,106,24,31
318,44956,1/30/23,1203,88,25,30
319,44963,2/6/23,1204,84,25,25
320,44970,2/13/23,1205,89,25,39
321,44977,2/20/23,1206,81,32,20
322,44984,2/27/23,1207,85,28,33
323,44991,3/6/23,1208,78,26,35
324,44998,3/13/23,1209,78,22,28
325,45005,3/20/23,1210,68,22,19
326,45012,3/27/23,1211,120,17,18
327,45019,4/3/23,1212,107,19,0
328,45026,4/10/23,1213,91,18,20
329,45033,4/17/23,1214,98,24,19
330,45040,4/24/23,1215,88,18,20
331,45047,5/1/23,1216,74,100,39
332,45054,5/8/23,1217,93,31,0
333,45061,5/15/23,1218,118,29,25
334,45068,5/22/23,1219,93,49,25
335,45075,5/29/23,1220,82,42,19
336,45082,6/5/23,1221,102,32,19
337,45089,6/12/23,1222,85,38,33
338,45096,6/19/23,1223,84,33,27
339,45103,6/26/23,1224,113,37,32
340,45110,7/3/23,1225,105,31,39
341,45117,7/10/23,1226,98,33,46
342,45124,7/17/23,1227,92,33,31
343,45131,7/24/23,1228,77,35,29
344,45138,7/31/23,1229,81,32,34
345,45145,8/7/23,1230,127,30,0
346,45152,8/14/23,1231,114,27,0
347,45159,8/21/23,1232,91,32,29
348,45166,8/28/23,1233,91,5,30
349,45173,9/4/23,1234,74,24,25
350,45180,9/11/23,1235,114,23,0
351,45187,9/18/23,1236,104,23,0
352,45194,9/25/23,1237,79,17,32
353,45201,10/2/23,1238,88,20,0
354,45208,10/9/23,1239,84,24,19
355,45215,10/16/23,1240,85,20,21
356,45222,10/23/23,1241,65,21,0
357,45229,10/30/23,1242,76,19,0
358,45236,11/6/23,1243,95,26,0
359,45243,11/13/23,1244,99,26,0
360,45250,11/20/23,1245,84,26,0
361,45257,11/27/23,1246,81,35,27
362,45264,12/4/23,1247,83,29,27
363,45271,12/11/23,1248,74,26,22
364,45278,12/18/23,1249,91,26,31