Seq,Bureau,NAME,income
40,1,Census Tract 2774; Los Angeles County; California,0
113,1,Census Tract 2652.04; Los Angeles County; California,0
135,1,Census Tract 2653.01; Los Angeles County; California,0
158,1,Census Tract 2163.01; Los Angeles County; California,0
208,1,Census Tract 9800.28; Los Angeles County; California,0
210,1,Census Tract 9800.17; Los Angeles County; California,0
224,1,Census Tract 2149.03; Los Angeles County; California,0
276,1,Census Tract 2734.03; Los Angeles County; California,0
373,2,Census Tract 2227; Los Angeles County; California,0
387,2,Census Tract 9800.14; Los Angeles County; California,0
432,2,Census Tract 9800.31; Los Angeles County; California,0
455,2,Census Tract 2409.02; Los Angeles County; California,0
360,2,Census Tract 2247.02; Los Angeles County; California,11609
136,1,Census Tract 2653.04; Los Angeles County; California,16717
406,2,Census Tract 2426; Los Angeles County; California,21492
363,2,Census Tract 2218.20; Los Angeles County; California,24266
385,2,Census Tract 2244.20; Los Angeles County; California,25164
443,2,Census Tract 2349.02; Los Angeles County; California,26484
25,1,Census Tract 2653.07; Los Angeles County; California,26870
318,2,Census Tract 2421; Los Angeles County; California,27218
440,2,Census Tract 2362.05; Los Angeles County; California,27727
472,2,Census Tract 2219; Los Angeles County; California,28500
245,1,Census Tract 1917.10; Los Angeles County; California,28750
485,2,Census Tract 2243.20; Los Angeles County; California,30332
463,2,Census Tract 2400.10; Los Angeles County; California,30864
333,2,Census Tract 2345.02; Los Angeles County; California,31225
424,2,Census Tract 2362.03; Los Angeles County; California,31762
462,2,Census Tract 2240.20; Los Angeles County; California,31897
315,2,Census Tract 2361.01; Los Angeles County; California,32104
322,2,Census Tract 2352.02; Los Angeles County; California,32143
303,2,Census Tract 2218.10; Los Angeles County; California,32168
44,1,Census Tract 2653.03; Los Angeles County; California,33248
357,2,Census Tract 2383.20; Los Angeles County; California,33396
483,2,Census Tract 2312.20; Los Angeles County; California,33458
110,1,Census Tract 2133.20; Los Angeles County; California,33576
491,2,Census Tract 2244.10; Los Angeles County; California,34018
486,2,Census Tract 2215; Los Angeles County; California,34047
392,2,Census Tract 2947.01; Los Angeles County; California,34318
189,1,Census Tract 1902.01; Los Angeles County; California,34626
367,2,Census Tract 2375; Los Angeles County; California,34643
48,1,Census Tract 2213.02; Los Angeles County; California,34655
111,1,Census Tract 2121.02; Los Angeles County; California,34790
177,1,Census Tract 2123.03; Los Angeles County; California,35074
299,2,Census Tract 2948.20; Los Angeles County; California,35217
26,1,Census Tract 1903.03; Los Angeles County; California,35297
383,2,Census Tract 2949; Los Angeles County; California,35385
153,1,Census Tract 2653.06; Los Angeles County; California,36477
336,2,Census Tract 2214.01; Los Angeles County; California,36490
366,2,Census Tract 2397.01; Los Angeles County; California,36611
307,2,Census Tract 2397.02; Los Angeles County; California,36958
442,2,Census Tract 2247.01; Los Angeles County; California,37310
91,1,Census Tract 2119.21; Los Angeles County; California,37849
12,1,Census Tract 2113.20; Los Angeles County; California,37959
11,1,Census Tract 2122.03; Los Angeles County; California,39238
258,1,Census Tract 1917.20; Los Angeles County; California,39475
45,1,Census Tract 2122.04; Los Angeles County; California,40431
389,2,Census Tract 2362.04; Los Angeles County; California,40525
240,1,Census Tract 2132.01; Los Angeles County; California,40756
407,2,Census Tract 2411.20; Los Angeles County; California,40769
414,2,Census Tract 2312.10; Los Angeles County; California,41006
249,1,Census Tract 2123.04; Los Angeles County; California,41206
38,1,Census Tract 1909.01; Los Angeles County; California,41250
321,2,Census Tract 2377.20; Los Angeles County; California,41303
379,2,Census Tract 2382; Los Angeles County; California,41410
468,2,Census Tract 2311; Los Angeles County; California,41989
260,1,Census Tract 2117.04; Los Angeles County; California,42250
352,2,Census Tract 2343.01; Los Angeles County; California,42295
402,2,Census Tract 2962.20; Los Angeles County; California,42407
438,2,Census Tract 2324.02; Los Angeles County; California,42465
120,1,Census Tract 2113.10; Los Angeles County; California,43287
349,2,Census Tract 2377.10; Los Angeles County; California,43820
427,2,Census Tract 2404.01; Los Angeles County; California,43933
118,1,Census Tract 2181.10; Los Angeles County; California,43990
327,2,Census Tract 2317.10; Los Angeles County; California,44347
364,2,Census Tract 2226; Los Angeles County; California,44886
356,2,Census Tract 2343.02; Los Angeles County; California,45000
309,2,Census Tract 2316.03; Los Angeles County; California,45037
119,1,Census Tract 2126.20; Los Angeles County; California,45412
372,2,Census Tract 2200; Los Angeles County; California,45682
51,1,Census Tract 1902.02; Los Angeles County; California,45755
271,1,Census Tract 2134.01; Los Angeles County; California,46121
446,2,Census Tract 2371.01; Los Angeles County; California,46250
354,2,Census Tract 2349.01; Los Angeles County; California,46330
16,1,Census Tract 2118.04; Los Angeles County; California,46361
36,1,Census Tract 1911.20; Los Angeles County; California,46429
77,1,Census Tract 2123.05; Los Angeles County; California,46615
250,1,Census Tract 2211.10; Los Angeles County; California,46717
351,2,Census Tract 2392.01; Los Angeles County; California,46840
6,1,Census Tract 1911.10; Los Angeles County; California,46910
380,2,Census Tract 2393.30; Los Angeles County; California,46979
374,2,Census Tract 2222; Los Angeles County; California,46988
371,2,Census Tract 2317.20; Los Angeles County; California,47012
353,2,Census Tract 2403.01; Los Angeles County; California,47024
181,1,Census Tract 2211.20; Los Angeles County; California,47026
196,1,Census Tract 2125.01; Los Angeles County; California,47574
441,2,Census Tract 2422.02; Los Angeles County; California,47656
378,2,Census Tract 2420; Los Angeles County; California,47793
370,2,Census Tract 2966; Los Angeles County; California,47813
426,2,Census Tract 2372.02; Los Angeles County; California,47917
47,1,Census Tract 2114.10; Los Angeles County; California,48333
69,1,Census Tract 1907.01; Los Angeles County; California,48403
104,1,Census Tract 2213.03; Los Angeles County; California,48445
412,2,Census Tract 2376; Los Angeles County; California,48447
304,2,Census Tract 2217.10; Los Angeles County; California,48466
5,1,Census Tract 1916.10; Los Angeles County; California,48482
134,1,Census Tract 2124.20; Los Angeles County; California,48864
362,2,Census Tract 2948.10; Los Angeles County; California,49143
43,1,Census Tract 2124.10; Los Angeles County; California,49223
15,1,Census Tract 2112.02; Los Angeles County; California,49385
450,2,Census Tract 2423; Los Angeles County; California,49490
425,2,Census Tract 2371.02; Los Angeles County; California,49559
395,2,Census Tract 2396.02; Los Angeles County; California,49583
53,1,Census Tract 2111.22; Los Angeles County; California,49653
50,1,Census Tract 2188; Los Angeles County; California,50011
331,2,Census Tract 2188; Los Angeles County; California,50011
137,1,Census Tract 2118.02; Los Angeles County; California,50090
325,2,Census Tract 2971.10; Los Angeles County; California,50141
434,2,Census Tract 2920.01; Los Angeles County; California,50402
452,2,Census Tract 2393.20; Los Angeles County; California,50402
348,2,Census Tract 2427; Los Angeles County; California,50603
34,1,Census Tract 2181.20; Los Angeles County; California,50606
116,1,Census Tract 2119.22; Los Angeles County; California,51060
457,2,Census Tract 2189; Los Angeles County; California,51094
97,1,Census Tract 1908.01; Los Angeles County; California,51150
466,2,Census Tract 2378; Los Angeles County; California,51168
479,2,Census Tract 2242; Los Angeles County; California,51202
117,1,Census Tract 2213.04; Los Angeles County; California,51237
496,2,Census Tract 2412.02; Los Angeles County; California,51328
495,2,Census Tract 2381; Los Angeles County; California,51417
473,2,Census Tract 2193; Los Angeles County; California,51500
7,1,Census Tract 1905.20; Los Angeles County; California,51701
252,1,Census Tract 2134.02; Los Angeles County; California,51740
431,2,Census Tract 2216.01; Los Angeles County; California,51833
323,2,Census Tract 2321.10; Los Angeles County; California,51875
10,1,Census Tract 2129; Los Angeles County; California,51948
75,1,Census Tract 1916.20; Los Angeles County; California,52045
386,2,Census Tract 2321.20; Los Angeles County; California,52156
199,1,Census Tract 2216.02; Los Angeles County; California,52614
423,2,Census Tract 2216.02; Los Angeles County; California,52614
317,2,Census Tract 2911.10; Los Angeles County; California,52629
57,1,Census Tract 2755; Los Angeles County; California,52656
411,2,Census Tract 2383.10; Los Angeles County; California,52805
332,2,Census Tract 2187.02; Los Angeles County; California,52891
46,1,Census Tract 2122.02; Los Angeles County; California,53006
320,2,Census Tract 2393.10; Los Angeles County; California,53021
195,1,Census Tract 2121.01; Los Angeles County; California,53098
340,2,Census Tract 2362.06; Los Angeles County; California,53106
148,1,Census Tract 2214.02; Los Angeles County; California,53125
394,2,Census Tract 2214.02; Los Angeles County; California,53125
319,2,Census Tract 2402; Los Angeles County; California,53224
350,2,Census Tract 2326.01; Los Angeles County; California,53587
288,1,Census Tract 2123.06; Los Angeles County; California,54177
405,2,Census Tract 2405; Los Angeles County; California,54361
478,2,Census Tract 2372.01; Los Angeles County; California,54398
300,2,Census Tract 2945.20; Los Angeles County; California,54766
489,2,Census Tract 2962.10; Los Angeles County; California,54792
87,1,Census Tract 1895.02; Los Angeles County; California,54811
73,1,Census Tract 2187.01; Los Angeles County; California,54936
343,2,Census Tract 2187.01; Los Angeles County; California,54936
101,1,Census Tract 2114.20; Los Angeles County; California,55492
295,2,Census Tract 2408; Los Angeles County; California,55508
256,1,Census Tract 2182.10; Los Angeles County; California,55614
285,1,Census Tract 1901.01; Los Angeles County; California,55866
475,2,Census Tract 2944.21; Los Angeles County; California,55881
39,1,Census Tract 2131; Los Angeles County; California,55980
239,1,Census Tract 1918.10; Los Angeles County; California,55991
54,1,Census Tract 2118.03; Los Angeles County; California,56000
435,2,Census Tract 2409.01; Los Angeles County; California,56296
337,2,Census Tract 2398.02; Los Angeles County; California,56642
342,2,Census Tract 2395.02; Los Angeles County; California,56667
476,2,Census Tract 2313.01; Los Angeles County; California,56875
341,2,Census Tract 2361.02; Los Angeles County; California,56974
365,2,Census Tract 2912.10; Los Angeles County; California,56976
493,2,Census Tract 2972.01; Los Angeles County; California,57276
398,2,Census Tract 2932.05; Los Angeles County; California,57277
310,2,Census Tract 2313.02; Los Angeles County; California,57314
14,1,Census Tract 2112.01; Los Angeles County; California,57478
168,1,Census Tract 2212.20; Los Angeles County; California,57563
391,2,Census Tract 2412.01; Los Angeles County; California,57615
409,2,Census Tract 2407; Los Angeles County; California,57665
142,1,Census Tract 2117.03; Los Angeles County; California,58029
477,2,Census Tract 2969.01; Los Angeles County; California,58030
474,2,Census Tract 2396.01; Los Angeles County; California,58068
49,1,Census Tract 1905.10; Los Angeles County; California,58110
247,1,Census Tract 2772; Los Angeles County; California,58170
453,2,Census Tract 2340.02; Los Angeles County; California,58792
328,2,Census Tract 2314; Los Angeles County; California,58973
490,2,Census Tract 2945.10; Los Angeles County; California,59023
384,2,Census Tract 2971.20; Los Angeles County; California,59398
297,2,Census Tract 2379; Los Angeles County; California,59539
465,2,Census Tract 2946.10; Los Angeles County; California,59896
71,1,Census Tract 1904.02; Los Angeles County; California,60096
312,2,Census Tract 2422.01; Los Angeles County; California,60189
358,2,Census Tract 2933.07; Los Angeles County; California,60250
408,2,Census Tract 2406; Los Angeles County; California,60297
355,2,Census Tract 2410.02; Los Angeles County; California,60323
460,2,Census Tract 2413; Los Angeles County; California,60357
223,1,Census Tract 2111.24; Los Angeles County; California,60559
418,2,Census Tract 2197; Los Angeles County; California,60618
78,1,Census Tract 2119.10; Los Angeles County; California,60988
388,2,Census Tract 2199.01; Los Angeles County; California,61157
430,2,Census Tract 2969.02; Los Angeles County; California,61394
143,1,Census Tract 2125.02; Los Angeles County; California,61469
94,1,Census Tract 1925.20; Los Angeles County; California,61711
124,1,Census Tract 1924.20; Los Angeles County; California,61929
461,2,Census Tract 2322; Los Angeles County; California,62292
413,2,Census Tract 2352.01; Los Angeles County; California,62349
112,1,Census Tract 2132.02; Los Angeles County; California,62516
86,1,Census Tract 1903.02; Los Angeles County; California,62545
330,2,Census Tract 2201; Los Angeles County; California,62813
13,1,Census Tract 1925.10; Los Angeles County; California,62963
469,2,Census Tract 2948.30; Los Angeles County; California,63295
2,1,Census Tract 1910; Los Angeles County; California,63563
467,2,Census Tract 2325; Los Angeles County; California,63750
127,1,Census Tract 2183; Los Angeles County; California,63971
192,1,Census Tract 1904.01; Los Angeles County; California,64028
415,2,Census Tract 2941.10; Los Angeles County; California,64143
396,2,Census Tract 2404.02; Los Angeles County; California,64159
154,1,Census Tract 1898.01; Los Angeles County; California,64257
129,1,Census Tract 1909.02; Los Angeles County; California,64286
481,2,Census Tract 9800.15; Los Angeles County; California,64375
272,1,Census Tract 1919.01; Los Angeles County; California,64516
482,2,Census Tract 2430.01; Los Angeles County; California,64950
293,2,Census Tract 2965; Los Angeles County; California,65167
291,1,Census Tract 1899.04; Los Angeles County; California,65221
219,1,Census Tract 2169.02; Los Angeles County; California,65893
138,1,Census Tract 2212.10; Los Angeles County; California,66014
269,1,Census Tract 2185; Los Angeles County; California,66489
480,2,Census Tract 2185; Los Angeles County; California,66489
185,1,Census Tract 2126.10; Los Angeles County; California,66550
447,2,Census Tract 2943.02; Los Angeles County; California,66553
33,1,Census Tract 2703; Los Angeles County; California,66673
326,2,Census Tract 2703; Los Angeles County; California,66673
382,2,Census Tract 2348; Los Angeles County; California,66696
296,2,Census Tract 2400.20; Los Angeles County; California,66806
494,2,Census Tract 2946.20; Los Angeles County; California,67039
313,2,Census Tract 2327.02; Los Angeles County; California,67438
390,2,Census Tract 2374.01; Los Angeles County; California,67470
294,2,Census Tract 2411.10; Los Angeles County; California,67536
454,2,Census Tract 2220.02; Los Angeles County; California,67928
464,2,Census Tract 2347; Los Angeles County; California,67928
314,2,Census Tract 2324.01; Los Angeles County; California,67962
305,2,Census Tract 2198; Los Angeles County; California,68450
301,2,Census Tract 2933.04; Los Angeles County; California,68769
170,1,Census Tract 2182.20; Los Angeles County; California,69028
121,1,Census Tract 2718.01; Los Angeles County; California,69063
42,1,Census Tract 2133.10; Los Angeles County; California,69087
436,2,Census Tract 2430.02; Los Angeles County; California,69303
329,2,Census Tract 2221; Los Angeles County; California,69464
324,2,Census Tract 2944.10; Los Angeles County; California,69826
451,2,Census Tract 2380; Los Angeles County; California,69861
420,2,Census Tract 2410.01; Los Angeles County; California,70227
140,1,Census Tract 1908.02; Los Angeles County; California,70608
339,2,Census Tract 2932.06; Los Angeles County; California,70724
287,1,Census Tract 1907.02; Los Angeles County; California,71125
52,1,Census Tract 2111.21; Los Angeles County; California,71250
106,1,Census Tract 1918.20; Los Angeles County; California,71341
344,2,Census Tract 2346; Los Angeles County; California,71406
404,2,Census Tract 2942; Los Angeles County; California,71442
96,1,Census Tract 2655.21; Los Angeles County; California,71477
262,1,Census Tract 2127.01; Los Angeles County; California,71563
65,1,Census Tract 2655.23; Los Angeles County; California,71591
178,1,Census Tract 2115; Los Angeles County; California,72375
359,2,Census Tract 2340.01; Los Angeles County; California,72743
377,2,Census Tract 2912.20; Los Angeles County; California,72880
31,1,Census Tract 2723.02; Los Angeles County; California,73114
458,2,Census Tract 2190.20; Los Angeles County; California,73214
369,2,Census Tract 2414; Los Angeles County; California,73229
9,1,Census Tract 2128; Los Angeles County; California,73478
488,2,Census Tract 2941.20; Los Angeles County; California,73750
298,2,Census Tract 2323; Los Angeles County; California,74022
419,2,Census Tract 2190.10; Los Angeles County; California,74643
439,2,Census Tract 2316.01; Los Angeles County; California,75131
280,1,Census Tract 2186; Los Angeles County; California,75466
484,2,Census Tract 2186; Los Angeles County; California,75466
145,1,Census Tract 2696.01; Los Angeles County; California,75532
456,2,Census Tract 2342; Los Angeles County; California,75625
470,2,Census Tract 2326.02; Los Angeles County; California,75741
290,1,Census Tract 1901.02; Los Angeles County; California,76037
361,2,Census Tract 2911.20; Los Angeles County; California,76250
492,2,Census Tract 2327.01; Los Angeles County; California,76316
381,2,Census Tract 2373; Los Angeles County; California,76935
281,1,Census Tract 2761.02; Los Angeles County; California,76962
487,2,Census Tract 2761.02; Los Angeles County; California,76962
105,1,Census Tract 1895.01; Los Angeles County; California,77074
302,2,Census Tract 2315; Los Angeles County; California,77083
311,2,Census Tract 2932.03; Los Angeles County; California,77106
79,1,Census Tract 2675.02; Los Angeles County; California,78750
346,2,Census Tract 2225; Los Angeles County; California,78814
253,1,Census Tract 2172; Los Angeles County; California,79028
275,1,Census Tract 2162.02; Los Angeles County; California,79085
292,1,Census Tract 2696.02; Los Angeles County; California,79107
162,1,Census Tract 2676; Los Angeles County; California,79153
61,1,Census Tract 2699.08; Los Angeles County; California,79210
166,1,Census Tract 2702; Los Angeles County; California,79231
234,1,Census Tract 2734.04; Los Angeles County; California,79330
155,1,Census Tract 1898.02; Los Angeles County; California,79484
213,1,Census Tract 2111.23; Los Angeles County; California,80063
261,1,Census Tract 2151.01; Los Angeles County; California,80071
89,1,Census Tract 1899.05; Los Angeles County; California,80256
230,1,Census Tract 2717.02; Los Angeles County; California,81200
403,2,Census Tract 6099; Los Angeles County; California,81829
265,1,Census Tract 2145.05; Los Angeles County; California,82148
64,1,Census Tract 2701.01; Los Angeles County; California,82361
92,1,Census Tract 2656.01; Los Angeles County; California,82361
257,1,Census Tract 1896; Los Angeles County; California,82446
183,1,Census Tract 2673; Los Angeles County; California,82574
422,2,Census Tract 2199.02; Los Angeles County; California,82750
99,1,Census Tract 2171.01; Los Angeles County; California,83125
334,2,Census Tract 2374.02; Los Angeles County; California,83333
289,1,Census Tract 2699.03; Los Angeles County; California,84101
63,1,Census Tract 2701.02; Los Angeles County; California,84479
316,2,Census Tract 2911.30; Los Angeles County; California,85208
400,2,Census Tract 2316.02; Los Angeles County; California,85273
347,2,Census Tract 2220.01; Los Angeles County; California,85417
202,1,Census Tract 2674.04; Los Angeles County; California,85481
90,1,Census Tract 2722.01; Los Angeles County; California,85536
233,1,Census Tract 2145.03; Los Angeles County; California,85960
410,2,Census Tract 2384; Los Angeles County; California,85968
231,1,Census Tract 2184; Los Angeles County; California,86006
449,2,Census Tract 2184; Los Angeles County; California,86006
82,1,Census Tract 2719.02; Los Angeles County; California,86473
165,1,Census Tract 2712; Los Angeles County; California,87321
171,1,Census Tract 2691; Los Angeles County; California,87672
308,2,Census Tract 2976.02; Los Angeles County; California,87976
212,1,Census Tract 1899.07; Los Angeles County; California,87994
228,1,Census Tract 2751.02; Los Angeles County; California,88375
81,1,Census Tract 1919.02; Los Angeles County; California,88568
393,2,Census Tract 2976.01; Los Angeles County; California,88798
186,1,Census Tract 1897.02; Los Angeles County; California,89707
267,1,Census Tract 2674.06; Los Angeles County; California,90867
251,1,Census Tract 2718.03; Los Angeles County; California,91691
58,1,Census Tract 2674.03; Los Angeles County; California,91705
93,1,Census Tract 2733; Los Angeles County; California,91763
214,1,Census Tract 2718.04; Los Angeles County; California,91863
226,1,Census Tract 2151.02; Los Angeles County; California,91944
284,1,Census Tract 1923; Los Angeles County; California,92063
30,1,Census Tract 2752; Los Angeles County; California,92957
306,2,Census Tract 2345.01; Los Angeles County; California,93056
18,1,Census Tract 2699.07; Los Angeles County; California,93558
243,1,Census Tract 1920.01; Los Angeles County; California,93606
217,1,Census Tract 2672.01; Los Angeles County; California,93750
273,1,Census Tract 2164.02; Los Angeles County; California,94079
448,2,Census Tract 2974; Los Angeles County; California,94426
254,1,Census Tract 2753.11; Los Angeles County; California,94773
345,2,Census Tract 2963; Los Angeles County; California,94800
197,1,Census Tract 2127.02; Los Angeles County; California,94940
397,2,Census Tract 2975.02; Los Angeles County; California,95167
220,1,Census Tract 2655.22; Los Angeles County; California,95227
211,1,Census Tract 1897.03; Los Angeles County; California,95403
205,1,Census Tract 2722.02; Los Angeles County; California,95774
130,1,Census Tract 2144; Los Angeles County; California,95882
368,2,Census Tract 2351; Los Angeles County; California,96108
222,1,Census Tract 2657.02; Los Angeles County; California,96395
179,1,Census Tract 2117.01; Los Angeles County; California,96599
70,1,Census Tract 1899.06; Los Angeles County; California,96667
248,1,Census Tract 2738; Los Angeles County; California,96699
207,1,Census Tract 2766.07; Los Angeles County; California,96897
28,1,Census Tract 2766.05; Los Angeles County; California,97102
259,1,Census Tract 2753.13; Los Angeles County; California,97625
147,1,Census Tract 2164.01; Los Angeles County; California,97663
66,1,Census Tract 2163.02; Los Angeles County; California,98194
95,1,Census Tract 2699.09; Los Angeles County; California,98545
85,1,Census Tract 2171.02; Los Angeles County; California,100063
200,1,Census Tract 1944.01; Los Angeles County; California,100234
191,1,Census Tract 1941.01; Los Angeles County; California,100893
459,2,Census Tract 2933.02; Los Angeles County; California,101028
244,1,Census Tract 2656.02; Los Angeles County; California,101897
20,1,Census Tract 1899.03; Los Angeles County; California,101932
126,1,Census Tract 2715; Los Angeles County; California,101964
67,1,Census Tract 2145.04; Los Angeles County; California,102539
277,1,Census Tract 2652.03; Los Angeles County; California,102737
59,1,Census Tract 2735.02; Los Angeles County; California,103624
417,2,Census Tract 2364; Los Angeles County; California,103689
204,1,Census Tract 2699.05; Los Angeles County; California,103778
132,1,Census Tract 2678; Los Angeles County; California,103875
4,1,Census Tract 2167; Los Angeles County; California,104948
416,2,Census Tract 2913; Los Angeles County; California,105625
376,2,Census Tract 2933.01; Los Angeles County; California,105833
146,1,Census Tract 2780.01; Los Angeles County; California,106563
338,2,Census Tract 2932.04; Los Angeles County; California,107227
55,1,Census Tract 2145.01; Los Angeles County; California,107725
139,1,Census Tract 9800.19; Los Angeles County; California,108125
141,1,Census Tract 1944.02; Los Angeles County; California,108309
401,2,Census Tract 2360.01; Los Angeles County; California,109598
399,2,Census Tract 2920.02; Los Angeles County; California,109833
221,1,Census Tract 2162.01; Los Angeles County; California,110094
19,1,Census Tract 2170.02; Los Angeles County; California,110278
263,1,Census Tract 2657.01; Los Angeles County; California,110333
76,1,Census Tract 2697; Los Angeles County; California,110362
375,2,Census Tract 2195; Los Angeles County; California,110865
80,1,Census Tract 1924.10; Los Angeles County; California,111250
62,1,Census Tract 2766.08; Los Angeles County; California,111331
227,1,Census Tract 1920.02; Los Angeles County; California,111500
152,1,Census Tract 2169.01; Los Angeles County; California,111696
3,1,Census Tract 2711; Los Angeles County; California,112333
23,1,Census Tract 2655.24; Los Angeles County; California,112568
32,1,Census Tract 2716; Los Angeles County; California,112569
27,1,Census Tract 2766.06; Los Angeles County; California,112571
229,1,Census Tract 2149.02; Los Angeles County; California,112940
437,2,Census Tract 2970.02; Los Angeles County; California,113288
335,2,Census Tract 2943.01; Los Angeles County; California,113362
445,2,Census Tract 2973; Los Angeles County; California,113403
98,1,Census Tract 2719.01; Los Angeles County; California,113922
444,2,Census Tract 2964.01; Los Angeles County; California,113981
428,2,Census Tract 2933.06; Los Angeles County; California,114833
270,1,Census Tract 2698; Los Angeles County; California,115000
37,1,Census Tract 2147; Los Angeles County; California,115057
41,1,Census Tract 2146; Los Angeles County; California,115326
22,1,Census Tract 2674.05; Los Angeles County; California,115594
235,1,Census Tract 2671.01; Los Angeles County; California,115673
164,1,Census Tract 2713; Los Angeles County; California,116285
163,1,Census Tract 2721; Los Angeles County; California,116389
68,1,Census Tract 2149.04; Los Angeles County; California,116734
216,1,Census Tract 2761.01; Los Angeles County; California,117054
215,1,Census Tract 2756.05; Los Angeles County; California,118003
56,1,Census Tract 2699.06; Los Angeles County; California,118465
237,1,Census Tract 2651; Los Angeles County; California,119375
255,1,Census Tract 1945; Los Angeles County; California,119762
109,1,Census Tract 2723.01; Los Angeles County; California,120049
115,1,Census Tract 2675.04; Los Angeles County; California,120083
206,1,Census Tract 2756.03; Los Angeles County; California,122955
107,1,Census Tract 2148; Los Angeles County; California,123320
198,1,Census Tract 2170.01; Los Angeles County; California,123462
21,1,Census Tract 2717.03; Los Angeles County; California,123520
218,1,Census Tract 2672.02; Los Angeles County; California,123977
108,1,Census Tract 2736; Los Angeles County; California,124006
133,1,Census Tract 2677; Los Angeles County; California,124942
35,1,Census Tract 2168; Los Angeles County; California,125241
278,1,Census Tract 2732; Los Angeles County; California,125242
84,1,Census Tract 2643.05; Los Angeles County; California,126136
72,1,Census Tract 2679.01; Los Angeles County; California,126250
429,2,Census Tract 2951.03; Los Angeles County; California,127726
190,1,Census Tract 1941.02; Los Angeles County; California,127917
175,1,Census Tract 2737; Los Angeles County; California,128361
286,1,Census Tract 2643.04; Los Angeles County; California,128819
88,1,Census Tract 2675.03; Los Angeles County; California,131514
225,1,Census Tract 2671.02; Los Angeles County; California,132438
157,1,Census Tract 1897.04; Los Angeles County; California,134145
128,1,Census Tract 1894; Los Angeles County; California,135278
103,1,Census Tract 7029; Los Angeles County; California,135584
184,1,Census Tract 2141; Los Angeles County; California,138125
282,1,Census Tract 2643.06; Los Angeles County; California,138846
169,1,Census Tract 2161; Los Angeles County; California,139565
232,1,Census Tract 2771; Los Angeles County; California,139821
194,1,Census Tract 2751.01; Los Angeles County; California,140152
74,1,Census Tract 2731; Los Angeles County; California,140208
174,1,Census Tract 2754; Los Angeles County; California,140550
29,1,Census Tract 2765; Los Angeles County; California,141250
421,2,Census Tract 2964.02; Los Angeles County; California,141406
266,1,Census Tract 2641.02; Los Angeles County; California,142308
144,1,Census Tract 2652.01; Los Angeles County; California,142917
24,1,Census Tract 2643.03; Los Angeles County; California,143938
1,1,Census Tract 2741; Los Angeles County; California,144190
159,1,Census Tract 2753.12; Los Angeles County; California,146389
172,1,Census Tract 2770; Los Angeles County; California,146929
246,1,Census Tract 2760; Los Angeles County; California,147896
8,1,Census Tract 2140; Los Angeles County; California,148846
274,1,Census Tract 2717.04; Los Angeles County; California,150750
241,1,Census Tract 2654.10; Los Angeles County; California,151250
150,1,Census Tract 2739.02; Los Angeles County; California,154231
151,1,Census Tract 2627.04; Los Angeles County; California,154340
279,1,Census Tract 2110; Los Angeles County; California,155122
122,1,Census Tract 2641.03; Los Angeles County; California,155433
173,1,Census Tract 2766.01; Los Angeles County; California,155833
433,2,Census Tract 2975.01; Los Angeles County; California,156845
242,1,Census Tract 2627.06; Los Angeles County; California,159917
83,1,Census Tract 2781.02; Los Angeles County; California,161774
203,1,Census Tract 2679.02; Los Angeles County; California,164808
268,1,Census Tract 2628.02; Los Angeles County; California,166477
102,1,Census Tract 2714; Los Angeles County; California,167350
188,1,Census Tract 2742.02; Los Angeles County; California,168700
123,1,Census Tract 1942; Los Angeles County; California,168821
114,1,Census Tract 2756.04; Los Angeles County; California,173795
160,1,Census Tract 1893; Los Angeles County; California,175854
236,1,Census Tract 2690; Los Angeles County; California,181354
187,1,Census Tract 2622; Los Angeles County; California,185768
149,1,Census Tract 2612; Los Angeles County; California,186779
471,2,Census Tract 2970.01; Los Angeles County; California,193125
131,1,Census Tract 2640; Los Angeles County; California,199432
176,1,Census Tract 2623.02; Los Angeles County; California,201714
264,1,Census Tract 2621; Los Angeles County; California,215670
125,1,Census Tract 2611.02; Los Angeles County; California,220227
156,1,Census Tract 2611.03; Los Angeles County; California,221250
283,1,Census Tract 2764; Los Angeles County; California,222888
167,1,Census Tract 2693; Los Angeles County; California,237841
209,1,Census Tract 2611.04; Los Angeles County; California,239167
201,1,Census Tract 2626.04; Los Angeles County; California,242083
238,1,Census Tract 1943; Los Angeles County; California,248173
17,1,Census Tract 2625.01; Los Angeles County; California,250001
60,1,Census Tract 2626.01; Los Angeles County; California,250001
100,1,Census Tract 2654.20; Los Angeles County; California,250001
161,1,Census Tract 2623.03; Los Angeles County; California,250001
180,1,Census Tract 2624; Los Angeles County; California,250001
182,1,Census Tract 2695; Los Angeles County; California,250001
193,1,Census Tract 2623.01; Los Angeles County; California,250001